Datum;Eroeffnung;Hoch;Tief;Schluss;Volumen
01.01.2014;1.661,09;1.661,09;1.661,09;1.661,09;0
02.01.2014;1.645,21;1.645,21;1.645,21;1.645,21;0
03.01.2014;1.646,05;1.646,05;1.646,05;1.646,05;0
06.01.2014;1.641,16;1.641,16;1.641,16;1.641,16;0
07.01.2014;1.647,65;1.647,65;1.647,65;1.647,65;0
08.01.2014;1.650,16;1.650,16;1.650,16;1.650,16;0
09.01.2014;1.646,36;1.646,36;1.646,36;1.646,36;0
10.01.2014;1.655,10;1.655,10;1.655,10;1.655,10;0
13.01.2014;1.645,41;1.645,41;1.645,41;1.645,41;0
14.01.2014;1.651,73;1.651,73;1.651,73;1.651,73;0
15.01.2014;1.660,00;1.660,00;1.660,00;1.660,00;0
16.01.2014;1.659,33;1.659,33;1.659,33;1.659,33;0
17.01.2014;1.657,31;1.657,31;1.657,31;1.657,31;0
20.01.2014;1.657,10;1.657,10;1.657,10;1.657,10;0
21.01.2014;1.659,49;1.659,49;1.659,49;1.659,49;0
22.01.2014;1.661,74;1.661,74;1.661,74;1.661,74;0
23.01.2014;1.650,45;1.650,45;1.650,45;1.650,45;0
24.01.2014;1.618,36;1.618,36;1.618,36;1.618,36;0
27.01.2014;1.604,92;1.604,92;1.604,92;1.604,92;0
28.01.2014;1.611,35;1.611,35;1.611,35;1.611,35;0
29.01.2014;1.603,66;1.603,66;1.603,66;1.603,66;0
30.01.2014;1.607,46;1.607,46;1.607,46;1.607,46;0
31.01.2014;1.598,45;1.598,45;1.598,45;1.598,45;0
03.02.2014;1.571,91;1.571,91;1.571,91;1.571,91;0
04.02.2014;1.569,92;1.569,92;1.569,92;1.569,92;0
05.02.2014;1.572,36;1.572,36;1.572,36;1.572,36;0
06.02.2014;1.592,68;1.592,68;1.592,68;1.592,68;0
07.02.2014;1.611,77;1.611,77;1.611,77;1.611,77;0
10.02.2014;1.616,78;1.616,78;1.616,78;1.616,78;0
11.02.2014;1.634,46;1.634,46;1.634,46;1.634,46;0
12.02.2014;1.637,70;1.637,70;1.637,70;1.637,70;0
13.02.2014;1.643,19;1.643,19;1.643,19;1.643,19;0
14.02.2014;1.650,11;1.650,11;1.650,11;1.650,11;0
17.02.2014;1.653,55;1.653,55;1.653,55;1.653,55;0
18.02.2014;1.660,54;1.660,54;1.660,54;1.660,54;0
19.02.2014;1.655,04;1.655,04;1.655,04;1.655,04;0
20.02.2014;1.656,01;1.656,01;1.656,01;1.656,01;0
21.02.2014;1.659,85;1.659,85;1.659,85;1.659,85;0
24.02.2014;1.668,31;1.668,31;1.668,31;1.668,31;0
25.02.2014;1.669,40;1.669,40;1.669,40;1.669,40;0
26.02.2014;1.664,84;1.664,84;1.664,84;1.664,84;0
27.02.2014;1.668,39;1.668,39;1.668,39;1.668,39;0
28.02.2014;1.675,40;1.675,40;1.675,40;1.675,40;0
03.03.2014;1.655,41;1.655,41;1.655,41;1.655,41;0
04.03.2014;1.677,85;1.677,85;1.677,85;1.677,85;0
05.03.2014;1.679,06;1.679,06;1.679,06;1.679,06;0
06.03.2014;1.686,10;1.686,10;1.686,10;1.686,10;0
07.03.2014;1.681,17;1.681,17;1.681,17;1.681,17;0
10.03.2014;1.676,52;1.676,52;1.676,52;1.676,52;0
11.03.2014;1.672,19;1.672,19;1.672,19;1.672,19;0
12.03.2014;1.665,55;1.665,55;1.665,55;1.665,55;0
13.03.2014;1.651,67;1.651,67;1.651,67;1.651,67;0
14.03.2014;1.641,13;1.641,13;1.641,13;1.641,13;0
17.03.2014;1.653,93;1.653,93;1.653,93;1.653,93;0
18.03.2014;1.665,49;1.665,49;1.665,49;1.665,49;0
19.03.2014;1.658,04;1.658,04;1.658,04;1.658,04;0
20.03.2014;1.654,31;1.654,31;1.654,31;1.654,31;0
21.03.2014;1.653,38;1.653,38;1.653,38;1.653,38;0
24.03.2014;1.645,96;1.645,96;1.645,96;1.645,96;0
25.03.2014;1.655,68;1.655,68;1.655,68;1.655,68;0
26.03.2014;1.654,34;1.654,34;1.654,34;1.654,34;0
27.03.2014;1.653,12;1.653,12;1.653,12;1.653,12;0
28.03.2014;1.661,83;1.661,83;1.661,83;1.661,83;0
31.03.2014;1.673,87;1.673,87;1.673,87;1.673,87;0
01.04.2014;1.683,69;1.683,69;1.683,69;1.683,69;0
02.04.2014;1.687,46;1.687,46;1.687,46;1.687,46;0
03.04.2014;1.685,13;1.685,13;1.685,13;1.685,13;0
04.04.2014;1.676,25;1.676,25;1.676,25;1.676,25;0
07.04.2014;1.659,28;1.659,28;1.659,28;1.659,28;0
08.04.2014;1.663,76;1.663,76;1.663,76;1.663,76;0
09.04.2014;1.675,32;1.675,32;1.675,32;1.675,32;0
10.04.2014;1.656,09;1.656,09;1.656,09;1.656,09;0
11.04.2014;1.638,43;1.638,43;1.638,43;1.638,43;0
14.04.2014;1.644,36;1.644,36;1.644,36;1.644,36;0
15.04.2014;1.646,67;1.646,67;1.646,67;1.646,67;0
16.04.2014;1.664,84;1.664,84;1.664,84;1.664,84;0
17.04.2014;1.669,81;1.669,81;1.669,81;1.669,81;0
22.04.2014;1.681,98;1.681,98;1.681,98;1.681,98;0
23.04.2014;1.679,25;1.679,25;1.679,25;1.679,25;0
24.04.2014;1.681,15;1.681,15;1.681,15;1.681,15;0
25.04.2014;1.670,76;1.670,76;1.670,76;1.670,76;0
28.04.2014;1.672,64;1.672,64;1.672,64;1.672,64;0
29.04.2014;1.682,37;1.682,37;1.682,37;1.682,37;0
30.04.2014;1.687,74;1.687,74;1.687,74;1.687,74;0
02.05.2014;1.688,98;1.688,98;1.688,98;1.688,98;0
05.05.2014;1.689,77;1.689,77;1.689,77;1.689,77;0
06.05.2014;1.683,52;1.683,52;1.683,52;1.683,52;0
07.05.2014;1.684,04;1.684,04;1.684,04;1.684,04;0
08.05.2014;1.686,78;1.686,78;1.686,78;1.686,78;0
09.05.2014;1.683,36;1.683,36;1.683,36;1.683,36;0
12.05.2014;1.694,88;1.694,88;1.694,88;1.694,88;0
13.05.2014;1.697,98;1.697,98;1.697,98;1.697,98;0
14.05.2014;1.694,80;1.694,80;1.694,80;1.694,80;0
15.05.2014;1.682,33;1.682,33;1.682,33;1.682,33;0
16.05.2014;1.683,69;1.683,69;1.683,69;1.683,69;0
19.05.2014;1.685,88;1.685,88;1.685,88;1.685,88;0
20.05.2014;1.678,00;1.678,00;1.678,00;1.678,00;0
21.05.2014;1.686,51;1.686,51;1.686,51;1.686,51;0
22.05.2014;1.692,35;1.692,35;1.692,35;1.692,35;0
23.05.2014;1.697,93;1.697,93;1.697,93;1.697,93;0
27.05.2014;1.707,66;1.707,66;1.707,66;1.707,66;0
28.05.2014;1.706,14;1.706,14;1.706,14;1.706,14;0
29.05.2014;1.713,24;1.713,24;1.713,24;1.713,24;0
30.05.2014;1.715,18;1.715,18;1.715,18;1.715,18;0
02.06.2014;1.717,27;1.717,27;1.717,27;1.717,27;0
03.06.2014;1.715,82;1.715,82;1.715,82;1.715,82;0
04.06.2014;1.717,76;1.717,76;1.717,76;1.717,76;0
05.06.2014;1.725,60;1.725,60;1.725,60;1.725,60;0
06.06.2014;1.734,47;1.734,47;1.734,47;1.734,47;0
09.06.2014;1.735,98;1.735,98;1.735,98;1.735,98;0
10.06.2014;1.735,31;1.735,31;1.735,31;1.735,31;0
11.06.2014;1.731,20;1.731,20;1.731,20;1.731,20;0
12.06.2014;1.725,49;1.725,49;1.725,49;1.725,49;0
13.06.2014;1.727,20;1.727,20;1.727,20;1.727,20;0
16.06.2014;1.726,99;1.726,99;1.726,99;1.726,99;0
17.06.2014;1.728,74;1.728,74;1.728,74;1.728,74;0
18.06.2014;1.737,77;1.737,77;1.737,77;1.737,77;0
19.06.2014;1.748,40;1.748,40;1.748,40;1.748,40;0
20.06.2014;1.747,43;1.747,43;1.747,43;1.747,43;0
23.06.2014;1.746,28;1.746,28;1.746,28;1.746,28;0
24.06.2014;1.737,82;1.737,82;1.737,82;1.737,82;0
25.06.2014;1.738,15;1.738,15;1.738,15;1.738,15;0
26.06.2014;1.737,26;1.737,26;1.737,26;1.737,26;0
27.06.2014;1.740,86;1.740,86;1.740,86;1.740,86;0
30.06.2014;1.743,41;1.743,41;1.743,41;1.743,41;0
01.07.2014;1.754,75;1.754,75;1.754,75;1.754,75;0
02.07.2014;1.756,96;1.756,96;1.756,96;1.756,96;0
03.07.2014;1.764,11;1.764,11;1.764,11;1.764,11;0
07.07.2014;1.754,80;1.754,80;1.754,80;1.754,80;0
08.07.2014;1.741,63;1.741,63;1.741,63;1.741,63;0
09.07.2014;1.746,04;1.746,04;1.746,04;1.746,04;0
10.07.2014;1.734,47;1.734,47;1.734,47;1.734,47;0
11.07.2014;1.735,99;1.735,99;1.735,99;1.735,99;0
14.07.2014;1.747,03;1.747,03;1.747,03;1.747,03;0
15.07.2014;1.741,43;1.741,43;1.741,43;1.741,43;0
16.07.2014;1.751,48;1.751,48;1.751,48;1.751,48;0
17.07.2014;1.735,08;1.735,08;1.735,08;1.735,08;0
18.07.2014;1.744,28;1.744,28;1.744,28;1.744,28;0
21.07.2014;1.740,10;1.740,10;1.740,10;1.740,10;0
22.07.2014;1.750,75;1.750,75;1.750,75;1.750,75;0
23.07.2014;1.754,10;1.754,10;1.754,10;1.754,10;0
24.07.2014;1.756,25;1.756,25;1.756,25;1.756,25;0
25.07.2014;1.748,23;1.748,23;1.748,23;1.748,23;0
28.07.2014;1.748,23;1.748,23;1.748,23;1.748,23;0
29.07.2014;1.744,20;1.744,20;1.744,20;1.744,20;0
30.07.2014;1.740,19;1.740,19;1.740,19;1.740,19;0
31.07.2014;1.714,33;1.714,33;1.714,33;1.714,33;0
01.08.2014;1.705,73;1.705,73;1.705,73;1.705,73;0
04.08.2014;1.710,13;1.710,13;1.710,13;1.710,13;0
05.08.2014;1.698,22;1.698,22;1.698,22;1.698,22;0
06.08.2014;1.693,13;1.693,13;1.693,13;1.693,13;0
07.08.2014;1.684,70;1.684,70;1.684,70;1.684,70;0
08.08.2014;1.690,57;1.690,57;1.690,57;1.690,57;0
11.08.2014;1.701,60;1.701,60;1.701,60;1.701,60;0
12.08.2014;1.699,34;1.699,34;1.699,34;1.699,34;0
13.08.2014;1.708,73;1.708,73;1.708,73;1.708,73;0
14.08.2014;1.715,70;1.715,70;1.715,70;1.715,70;0
15.08.2014;1.714,23;1.714,23;1.714,23;1.714,23;0
18.08.2014;1.727,37;1.727,37;1.727,37;1.727,37;0
19.08.2014;1.734,87;1.734,87;1.734,87;1.734,87;0
20.08.2014;1.735,78;1.735,78;1.735,78;1.735,78;0
21.08.2014;1.741,88;1.741,88;1.741,88;1.741,88;0
22.08.2014;1.735,93;1.735,93;1.735,93;1.735,93;0
25.08.2014;1.745,24;1.745,24;1.745,24;1.745,24;0
26.08.2014;1.749,14;1.749,14;1.749,14;1.749,14;0
27.08.2014;1.750,67;1.750,67;1.750,67;1.750,67;0
28.08.2014;1.744,34;1.744,34;1.744,34;1.744,34;0
29.08.2014;1.748,66;1.748,66;1.748,66;1.748,66;0
02.09.2014;1.747,20;1.747,20;1.747,20;1.747,20;0
03.09.2014;1.751,97;1.751,97;1.751,97;1.751,97;0
04.09.2014;1.748,59;1.748,59;1.748,59;1.748,59;0
05.09.2014;1.750,60;1.750,60;1.750,60;1.750,60;0
08.09.2014;1.744,30;1.744,30;1.744,30;1.744,30;0
09.09.2014;1.733,20;1.733,20;1.733,20;1.733,20;0
10.09.2014;1.735,78;1.735,78;1.735,78;1.735,78;0
11.09.2014;1.736,99;1.736,99;1.736,99;1.736,99;0
12.09.2014;1.729,49;1.729,49;1.729,49;1.729,49;0
15.09.2014;1.726,86;1.726,86;1.726,86;1.726,86;0
16.09.2014;1.732,54;1.732,54;1.732,54;1.732,54;0
17.09.2014;1.735,34;1.735,34;1.735,34;1.735,34;0
18.09.2014;1.742,74;1.742,74;1.742,74;1.742,74;0
19.09.2014;1.740,31;1.740,31;1.740,31;1.740,31;0
22.09.2014;1.726,47;1.726,47;1.726,47;1.726,47;0
23.09.2014;1.716,23;1.716,23;1.716,23;1.716,23;0
24.09.2014;1.723,66;1.723,66;1.723,66;1.723,66;0
25.09.2014;1.703,09;1.703,09;1.703,09;1.703,09;0
26.09.2014;1.707,87;1.707,87;1.707,87;1.707,87;0
29.09.2014;1.702,17;1.702,17;1.702,17;1.702,17;0
30.09.2014;1.698,40;1.698,40;1.698,40;1.698,40;0
01.10.2014;1.679,17;1.679,17;1.679,17;1.679,17;0
02.10.2014;1.667,98;1.667,98;1.667,98;1.667,98;0
03.10.2014;1.675,29;1.675,29;1.675,29;1.675,29;0
06.10.2014;1.679,82;1.679,82;1.679,82;1.679,82;0
07.10.2014;1.661,35;1.661,35;1.661,35;1.661,35;0
08.10.2014;1.673,47;1.673,47;1.673,47;1.673,47;0
09.10.2014;1.652,92;1.652,92;1.652,92;1.652,92;0
10.10.2014;1.626,67;1.626,67;1.626,67;1.626,67;0
13.10.2014;1.613,60;1.613,60;1.613,60;1.613,60;0
14.10.2014;1.610,73;1.610,73;1.610,73;1.610,73;0
15.10.2014;1.595,21;1.595,21;1.595,21;1.595,21;0
16.10.2014;1.592,60;1.592,60;1.592,60;1.592,60;0
17.10.2014;1.613,55;1.613,55;1.613,55;1.613,55;0
20.10.2014;1.626,05;1.626,05;1.626,05;1.626,05;0
21.10.2014;1.651,14;1.651,14;1.651,14;1.651,14;0
22.10.2014;1.647,21;1.647,21;1.647,21;1.647,21;0
23.10.2014;1.659,97;1.659,97;1.659,97;1.659,97;0
24.10.2014;1.667,87;1.667,87;1.667,87;1.667,87;0
27.10.2014;1.666,82;1.666,82;1.666,82;1.666,82;0
28.10.2014;1.684,54;1.684,54;1.684,54;1.684,54;0
29.10.2014;1.686,34;1.686,34;1.686,34;1.686,34;0
30.10.2014;1.689,22;1.689,22;1.689,22;1.689,22;0
31.10.2014;1.708,09;1.708,09;1.708,09;1.708,09;0
03.11.2014;1.699,08;1.699,08;1.699,08;1.699,08;0
04.11.2014;1.698,21;1.698,21;1.698,21;1.698,21;0
05.11.2014;1.706,51;1.706,51;1.706,51;1.706,51;0
06.11.2014;1.707,52;1.707,52;1.707,52;1.707,52;0
07.11.2014;1.707,01;1.707,01;1.707,01;1.707,01;0
10.11.2014;1.714,60;1.714,60;1.714,60;1.714,60;0
11.11.2014;1.716,83;1.716,83;1.716,83;1.716,83;0
12.11.2014;1.715,02;1.715,02;1.715,02;1.715,02;0
13.11.2014;1.716,24;1.716,24;1.716,24;1.716,24;0
14.11.2014;1.717,20;1.717,20;1.717,20;1.717,20;0
17.11.2014;1.714,96;1.714,96;1.714,96;1.714,96;0
18.11.2014;1.728,23;1.728,23;1.728,23;1.728,23;0
19.11.2014;1.724,72;1.724,72;1.724,72;1.724,72;0
20.11.2014;1.725,46;1.725,46;1.725,46;1.725,46;0
21.11.2014;1.737,23;1.737,23;1.737,23;1.737,23;0
24.11.2014;1.740,08;1.740,08;1.740,08;1.740,08;0
25.11.2014;1.742,82;1.742,82;1.742,82;1.742,82;0
26.11.2014;1.748,00;1.748,00;1.748,00;1.748,00;0
28.11.2014;1.739,49;1.739,49;1.739,49;1.739,49;0
01.12.2014;1.729,88;1.729,88;1.729,88;1.729,88;0
02.12.2014;1.735,98;1.735,98;1.735,98;1.735,98;0
03.12.2014;1.739,72;1.739,72;1.739,72;1.739,72;0
04.12.2014;1.736,62;1.736,62;1.736,62;1.736,62;0
05.12.2014;1.738,51;1.738,51;1.738,51;1.738,51;0
08.12.2014;1.726,47;1.726,47;1.726,47;1.726,47;0
09.12.2014;1.721,97;1.721,97;1.721,97;1.721,97;0
10.12.2014;1.698,43;1.698,43;1.698,43;1.698,43;0
11.12.2014;1.699,05;1.699,05;1.699,05;1.699,05;0
12.12.2014;1.675,04;1.675,04;1.675,04;1.675,04;0
15.12.2014;1.654,56;1.654,56;1.654,56;1.654,56;0
16.12.2014;1.655,52;1.655,52;1.655,52;1.655,52;0
17.12.2014;1.672,47;1.672,47;1.672,47;1.672,47;0
18.12.2014;1.706,33;1.706,33;1.706,33;1.706,33;0
19.12.2014;1.716,99;1.716,99;1.716,99;1.716,99;0
22.12.2014;1.723,25;1.723,25;1.723,25;1.723,25;0
23.12.2014;1.724,10;1.724,10;1.724,10;1.724,10;0
24.12.2014;1.726,22;1.726,22;1.726,22;1.726,22;0
26.12.2014;1.729,42;1.729,42;1.729,42;1.729,42;0
29.12.2014;1.731,70;1.731,70;1.731,70;1.731,70;0
30.12.2014;1.721,01;1.721,01;1.721,01;1.721,01;0
31.12.2014;1.709,67;1.709,67;1.709,67;1.709,67;0
02.01.2015;1.704,70;1.704,70;1.704,70;1.704,70;0
05.01.2015;1.671,24;1.671,24;1.671,24;1.671,24;0
06.01.2015;1.654,37;1.654,37;1.654,37;1.654,37;0
07.01.2015;1.662,22;1.662,22;1.662,22;1.662,22;0
08.01.2015;1.694,17;1.694,17;1.694,17;1.694,17;0
09.01.2015;1.683,80;1.683,80;1.683,80;1.683,80;0
12.01.2015;1.676,71;1.676,71;1.676,71;1.676,71;0
13.01.2015;1.678,19;1.678,19;1.678,19;1.678,19;0
14.01.2015;1.665,38;1.665,38;1.665,38;1.665,38;0
15.01.2015;1.662,43;1.662,43;1.662,43;1.662,43;0
16.01.2015;1.675,15;1.675,15;1.675,15;1.675,15;0
20.01.2015;1.685,27;1.685,27;1.685,27;1.685,27;0
21.01.2015;1.694,34;1.694,34;1.694,34;1.694,34;0
22.01.2015;1.710,46;1.710,46;1.710,46;1.710,46;0
23.01.2015;1.707,73;1.707,73;1.707,73;1.707,73;0
26.01.2015;1.712,55;1.712,55;1.712,55;1.712,55;0
27.01.2015;1.705,59;1.705,59;1.705,59;1.705,59;0
28.01.2015;1.689,19;1.689,19;1.689,19;1.689,19;0
29.01.2015;1.693,81;1.693,81;1.693,81;1.693,81;0
30.01.2015;1.677,53;1.677,53;1.677,53;1.677,53;0
02.02.2015;1.694,34;1.694,34;1.694,34;1.694,34;0
03.02.2015;1.715,22;1.715,22;1.715,22;1.715,22;0
04.02.2015;1.715,13;1.715,13;1.715,13;1.715,13;0
05.02.2015;1.727,49;1.727,49;1.727,49;1.727,49;0
06.02.2015;1.720,55;1.720,55;1.720,55;1.720,55;0
09.02.2015;1.714,22;1.714,22;1.714,22;1.714,22;0
10.02.2015;1.725,83;1.725,83;1.725,83;1.725,83;0
11.02.2015;1.721,58;1.721,58;1.721,58;1.721,58;0
12.02.2015;1.741,21;1.741,21;1.741,21;1.741,21;0
13.02.2015;1.752,18;1.752,18;1.752,18;1.752,18;0
17.02.2015;1.754,79;1.754,79;1.754,79;1.754,79;0
18.02.2015;1.759,03;1.759,03;1.759,03;1.759,03;0
19.02.2015;1.760,80;1.760,80;1.760,80;1.760,80;0
20.02.2015;1.768,08;1.768,08;1.768,08;1.768,08;0
23.02.2015;1.770,34;1.770,34;1.770,34;1.770,34;0
24.02.2015;1.774,91;1.774,91;1.774,91;1.774,91;0
25.02.2015;1.776,86;1.776,86;1.776,86;1.776,86;0
26.02.2015;1.773,99;1.773,99;1.773,99;1.773,99;0
27.02.2015;1.772,86;1.772,86;1.772,86;1.772,86;0
02.03.2015;1.776,64;1.776,64;1.776,64;1.776,64;0
03.03.2015;1.768,56;1.768,56;1.768,56;1.768,56;0
04.03.2015;1.760,90;1.760,90;1.760,90;1.760,90;0
05.03.2015;1.763,73;1.763,73;1.763,73;1.763,73;0
06.03.2015;1.741,98;1.741,98;1.741,98;1.741,98;0
09.03.2015;1.741,84;1.741,84;1.741,84;1.741,84;0
10.03.2015;1.712,54;1.712,54;1.712,54;1.712,54;0
11.03.2015;1.710,78;1.710,78;1.710,78;1.710,78;0
12.03.2015;1.728,61;1.728,61;1.728,61;1.728,61;0
13.03.2015;1.719,81;1.719,81;1.719,81;1.719,81;0
16.03.2015;1.740,09;1.740,09;1.740,09;1.740,09;0
17.03.2015;1.736,63;1.736,63;1.736,63;1.736,63;0
18.03.2015;1.754,10;1.754,10;1.754,10;1.754,10;0
19.03.2015;1.751,31;1.751,31;1.751,31;1.751,31;0
20.03.2015;1.774,56;1.774,56;1.774,56;1.774,56;0
24.03.2015;1.772,41;1.772,41;1.772,41;1.772,41;0
25.03.2015;1.756,47;1.756,47;1.756,47;1.756,47;0
26.03.2015;1.744,90;1.744,90;1.744,90;1.744,90;0
27.03.2015;1.744,81;1.744,81;1.744,81;1.744,81;0
30.03.2015;1.757,30;1.757,30;1.757,30;1.757,30;0
31.03.2015;1.740,81;1.740,81;1.740,81;1.740,81;0
01.04.2015;1.738,15;1.738,15;1.738,15;1.738,15;0
02.04.2015;1.749,34;1.749,34;1.749,34;1.749,34;0
06.04.2015;1.764,48;1.764,48;1.764,48;1.764,48;0
07.04.2015;1.764,24;1.764,24;1.764,24;1.764,24;0
08.04.2015;1.766,44;1.766,44;1.766,44;1.766,44;0
09.04.2015;1.771,85;1.771,85;1.771,85;1.771,85;0
10.04.2015;1.779,46;1.779,46;1.779,46;1.779,46;0
13.04.2015;1.772,07;1.772,07;1.772,07;1.772,07;0
14.04.2015;1.779,84;1.779,84;1.779,84;1.779,84;0
15.04.2015;1.783,78;1.783,78;1.783,78;1.783,78;0
16.04.2015;1.786,58;1.786,58;1.786,58;1.786,58;0
17.04.2015;1.769,00;1.769,00;1.769,00;1.769,00;0
20.04.2015;1.779,12;1.779,12;1.779,12;1.779,12;0
21.04.2015;1.781,95;1.781,95;1.781,95;1.781,95;0
22.04.2015;1.786,77;1.786,77;1.786,77;1.786,77;0
23.04.2015;1.792,30;1.792,30;1.792,30;1.792,30;0
24.04.2015;1.799,86;1.799,86;1.799,86;1.799,86;0
27.04.2015;1.801,56;1.801,56;1.801,56;1.801,56;0
28.04.2015;1.803,38;1.803,38;1.803,38;1.803,38;0
29.04.2015;1.795,87;1.795,87;1.795,87;1.795,87;0
30.04.2015;1.778,40;1.778,40;1.778,40;1.778,40;0
01.05.2015;1.787,40;1.787,40;1.787,40;1.787,40;0
04.05.2015;1.790,82;1.790,82;1.790,82;1.790,82;0
05.05.2015;1.773,41;1.773,41;1.773,41;1.773,41;0
06.05.2015;1.772,82;1.772,82;1.772,82;1.772,82;0
07.05.2015;1.769,24;1.769,24;1.769,24;1.769,24;0
08.05.2015;1.794,70;1.794,70;1.794,70;1.794,70;0
11.05.2015;1.789,09;1.789,09;1.789,09;1.789,09;0
12.05.2015;1.784,91;1.784,91;1.784,91;1.784,91;0
13.05.2015;1.789,96;1.789,96;1.789,96;1.789,96;0
14.05.2015;1.803,41;1.803,41;1.803,41;1.803,41;0
15.05.2015;1.807,06;1.807,06;1.807,06;1.807,06;0
18.05.2015;1.808,72;1.808,72;1.808,72;1.808,72;0
19.05.2015;1.803,71;1.803,71;1.803,71;1.803,71;0
20.05.2015;1.803,95;1.803,95;1.803,95;1.803,95;0
21.05.2015;1.810,84;1.810,84;1.810,84;1.810,84;0
22.05.2015;1.803,50;1.803,50;1.803,50;1.803,50;0
26.05.2015;1.781,13;1.781,13;1.781,13;1.781,13;0
27.05.2015;1.793,60;1.793,60;1.793,60;1.793,60;0
28.05.2015;1.791,34;1.791,34;1.791,34;1.791,34;0
29.05.2015;1.779,30;1.779,30;1.779,30;1.779,30;0
01.06.2015;1.778,28;1.778,28;1.778,28;1.778,28;0
02.06.2015;1.782,38;1.782,38;1.782,38;1.782,38;0
03.06.2015;1.789,90;1.789,90;1.789,90;1.789,90;0
04.06.2015;1.775,43;1.775,43;1.775,43;1.775,43;0
05.06.2015;1.760,43;1.760,43;1.760,43;1.760,43;0
08.06.2015;1.752,20;1.752,20;1.752,20;1.752,20;0
09.06.2015;1.751,64;1.751,64;1.751,64;1.751,64;0
10.06.2015;1.776,71;1.776,71;1.776,71;1.776,71;0
11.06.2015;1.779,44;1.779,44;1.779,44;1.779,44;0
12.06.2015;1.770,17;1.770,17;1.770,17;1.770,17;0
15.06.2015;1.757,08;1.757,08;1.757,08;1.757,08;0
16.06.2015;1.763,67;1.763,67;1.763,67;1.763,67;0
17.06.2015;1.762,10;1.762,10;1.762,10;1.762,10;0
18.06.2015;1.780,61;1.780,61;1.780,61;1.780,61;0
19.06.2015;1.774,88;1.774,88;1.774,88;1.774,88;0
22.06.2015;1.796,11;1.796,11;1.796,11;1.796,11;0
23.06.2015;1.795,98;1.795,98;1.795,98;1.795,98;0
24.06.2015;1.785,70;1.785,70;1.785,70;1.785,70;0
25.06.2015;1.781,48;1.781,48;1.781,48;1.781,48;0
26.06.2015;1.776,21;1.776,21;1.776,21;1.776,21;0
29.06.2015;1.737,60;1.737,60;1.737,60;1.737,60;0
30.06.2015;1.735,61;1.735,61;1.735,61;1.735,61;0
01.07.2015;1.747,17;1.747,17;1.747,17;1.747,17;0
02.07.2015;1.747,25;1.747,25;1.747,25;1.747,25;0
06.07.2015;1.729,50;1.729,50;1.729,50;1.729,50;0
07.07.2015;1.724,94;1.724,94;1.724,94;1.724,94;0
08.07.2015;1.706,87;1.706,87;1.706,87;1.706,87;0
09.07.2015;1.717,46;1.717,46;1.717,46;1.717,46;0
10.07.2015;1.743,32;1.743,32;1.743,32;1.743,32;0
13.07.2015;1.758,68;1.758,68;1.758,68;1.758,68;0
14.07.2015;1.769,41;1.769,41;1.769,41;1.769,41;0
15.07.2015;1.768,12;1.768,12;1.768,12;1.768,12;0
16.07.2015;1.781,91;1.781,91;1.781,91;1.781,91;0
17.07.2015;1.780,83;1.780,83;1.780,83;1.780,83;0
20.07.2015;1.782,19;1.782,19;1.782,19;1.782,19;0
21.07.2015;1.777,86;1.777,86;1.777,86;1.777,86;0
22.07.2015;1.766,63;1.766,63;1.766,63;1.766,63;0
23.07.2015;1.762,79;1.762,79;1.762,79;1.762,79;0
24.07.2015;1.745,50;1.745,50;1.745,50;1.745,50;0
27.07.2015;1.733,58;1.733,58;1.733,58;1.733,58;0
28.07.2015;1.747,05;1.747,05;1.747,05;1.747,05;0
29.07.2015;1.760,69;1.760,69;1.760,69;1.760,69;0
30.07.2015;1.759,76;1.759,76;1.759,76;1.759,76;0
31.07.2015;1.765,60;1.765,60;1.765,60;1.765,60;0
03.08.2015;1.761,17;1.761,17;1.761,17;1.761,17;0
04.08.2015;1.758,86;1.758,86;1.758,86;1.758,86;0
05.08.2015;1.762,75;1.762,75;1.762,75;1.762,75;0
06.08.2015;1.752,67;1.752,67;1.752,67;1.752,67;0
07.08.2015;1.747,34;1.747,34;1.747,34;1.747,34;0
10.08.2015;1.766,61;1.766,61;1.766,61;1.766,61;0
11.08.2015;1.749,63;1.749,63;1.749,63;1.749,63;0
12.08.2015;1.742,42;1.742,42;1.742,42;1.742,42;0
13.08.2015;1.741,43;1.741,43;1.741,43;1.741,43;0
14.08.2015;1.743,89;1.743,89;1.743,89;1.743,89;0
17.08.2015;1.749,08;1.749,08;1.749,08;1.749,08;0
18.08.2015;1.744,20;1.744,20;1.744,20;1.744,20;0
19.08.2015;1.726,00;1.726,00;1.726,00;1.726,00;0
20.08.2015;1.697,24;1.697,24;1.697,24;1.697,24;0
21.08.2015;1.650,96;1.650,96;1.650,96;1.650,96;0
24.08.2015;1.589,50;1.589,50;1.589,50;1.589,50;0
25.08.2015;1.583,86;1.583,86;1.583,86;1.583,86;0
26.08.2015;1.616,48;1.616,48;1.616,48;1.616,48;0
27.08.2015;1.650,53;1.650,53;1.650,53;1.650,53;0
28.08.2015;1.658,07;1.658,07;1.658,07;1.658,07;0
31.08.2015;1.645,43;1.645,43;1.645,43;1.645,43;0
01.09.2015;1.600,71;1.600,71;1.600,71;1.600,71;0
02.09.2015;1.615,67;1.615,67;1.615,67;1.615,67;0
03.09.2015;1.622,94;1.622,94;1.622,94;1.622,94;0
04.09.2015;1.595,71;1.595,71;1.595,71;1.595,71;0
08.09.2015;1.627,09;1.627,09;1.627,09;1.627,09;0
09.09.2015;1.628,17;1.628,17;1.628,17;1.628,17;0
10.09.2015;1.625,40;1.625,40;1.625,40;1.625,40;0
11.09.2015;1.626,99;1.626,99;1.626,99;1.626,99;0
14.09.2015;1.620,27;1.620,27;1.620,27;1.620,27;0
15.09.2015;1.634,01;1.634,01;1.634,01;1.634,01;0
16.09.2015;1.653,81;1.653,81;1.653,81;1.653,81;0
17.09.2015;1.652,88;1.652,88;1.652,88;1.652,88;0
18.09.2015;1.630,68;1.630,68;1.630,68;1.630,68;0
21.09.2015;1.628,93;1.628,93;1.628,93;1.628,93;0
22.09.2015;1.600,76;1.600,76;1.600,76;1.600,76;0
23.09.2015;1.596,66;1.596,66;1.596,66;1.596,66;0
24.09.2015;1.587,38;1.587,38;1.587,38;1.587,38;0
25.09.2015;1.594,70;1.594,70;1.594,70;1.594,70;0
28.09.2015;1.560,04;1.560,04;1.560,04;1.560,04;0
29.09.2015;1.550,43;1.550,43;1.550,43;1.550,43;0
30.09.2015;1.581,92;1.581,92;1.581,92;1.581,92;0
01.10.2015;1.587,98;1.587,98;1.587,98;1.587,98;0
02.10.2015;1.607,12;1.607,12;1.607,12;1.607,12;0
05.10.2015;1.637,49;1.637,49;1.637,49;1.637,49;0
06.10.2015;1.640,98;1.640,98;1.640,98;1.640,98;0
07.10.2015;1.653,46;1.653,46;1.653,46;1.653,46;0
08.10.2015;1.663,57;1.663,57;1.663,57;1.663,57;0
09.10.2015;1.673,77;1.673,77;1.673,77;1.673,77;0
12.10.2015;1.674,38;1.674,38;1.674,38;1.674,38;0
13.10.2015;1.661,07;1.661,07;1.661,07;1.661,07;0
14.10.2015;1.653,01;1.653,01;1.653,01;1.653,01;0
15.10.2015;1.675,76;1.675,76;1.675,76;1.675,76;0
16.10.2015;1.683,55;1.683,55;1.683,55;1.683,55;0
19.10.2015;1.679,91;1.679,91;1.679,91;1.679,91;0
20.10.2015;1.677,52;1.677,52;1.677,52;1.677,52;0
21.10.2015;1.672,86;1.672,86;1.672,86;1.672,86;0
22.10.2015;1.689,32;1.689,32;1.689,32;1.689,32;0
23.10.2015;1.706,61;1.706,61;1.706,61;1.706,61;0
26.10.2015;1.704,98;1.704,98;1.704,98;1.704,98;0
27.10.2015;1.696,23;1.696,23;1.696,23;1.696,23;0
28.10.2015;1.714,12;1.714,12;1.714,12;1.714,12;0
29.10.2015;1.706,61;1.706,61;1.706,61;1.706,61;0
30.10.2015;1.705,80;1.705,80;1.705,80;1.705,80;0
02.11.2015;1.715,17;1.715,17;1.715,17;1.715,17;0
03.11.2015;1.717,39;1.717,39;1.717,39;1.717,39;0
04.11.2015;1.713,86;1.713,86;1.713,86;1.713,86;0
05.11.2015;1.710,77;1.710,77;1.710,77;1.710,77;0
06.11.2015;1.704,39;1.704,39;1.704,39;1.704,39;0
09.11.2015;1.691,60;1.691,60;1.691,60;1.691,60;0
10.11.2015;1.690,51;1.690,51;1.690,51;1.690,51;0
11.11.2015;1.691,87;1.691,87;1.691,87;1.691,87;0
12.11.2015;1.671,49;1.671,49;1.671,49;1.671,49;0
13.11.2015;1.654,29;1.654,29;1.654,29;1.654,29;0
16.11.2015;1.667,44;1.667,44;1.667,44;1.667,44;0
17.11.2015;1.676,09;1.676,09;1.676,09;1.676,09;0
18.11.2015;1.691,55;1.691,55;1.691,55;1.691,55;0
19.11.2015;1.700,56;1.700,56;1.700,56;1.700,56;0
20.11.2015;1.702,83;1.702,83;1.702,83;1.702,83;0
23.11.2015;1.697,29;1.697,29;1.697,29;1.697,29;0
24.11.2015;1.695,45;1.695,45;1.695,45;1.695,45;0
25.11.2015;1.697,83;1.697,83;1.697,83;1.697,83;0
27.11.2015;1.700,29;1.700,29;1.700,29;1.700,29;0
30.11.2015;1.694,39;1.694,39;1.694,39;1.694,39;0
01.12.2015;1.710,11;1.710,11;1.710,11;1.710,11;0
02.12.2015;1.696,22;1.696,22;1.696,22;1.696,22;0
03.12.2015;1.678,23;1.678,23;1.678,23;1.678,23;0
04.12.2015;1.694,78;1.694,78;1.694,78;1.694,78;0
07.12.2015;1.686,58;1.686,58;1.686,58;1.686,58;0
08.12.2015;1.670,68;1.670,68;1.670,68;1.670,68;0
09.12.2015;1.664,37;1.664,37;1.664,37;1.664,37;0
10.12.2015;1.663,87;1.663,87;1.663,87;1.663,87;0
11.12.2015;1.637,82;1.637,82;1.637,82;1.637,82;0
14.12.2015;1.632,27;1.632,27;1.632,27;1.632,27;0
15.12.2015;1.646,69;1.646,69;1.646,69;1.646,69;0
16.12.2015;1.668,73;1.668,73;1.668,73;1.668,73;0
17.12.2015;1.655,21;1.655,21;1.655,21;1.655,21;0
18.12.2015;1.633,75;1.633,75;1.633,75;1.633,75;0
21.12.2015;1.638,91;1.638,91;1.638,91;1.638,91;0
22.12.2015;1.650,17;1.650,17;1.650,17;1.650,17;0
23.12.2015;1.671,50;1.671,50;1.671,50;1.671,50;0
24.12.2015;1.673,99;1.673,99;1.673,99;1.673,99;0
28.12.2015;1.670,38;1.670,38;1.670,38;1.670,38;0
29.12.2015;1.685,61;1.685,61;1.685,61;1.685,61;0
30.12.2015;1.676,43;1.676,43;1.676,43;1.676,43;0
31.12.2015;1.662,79;1.662,79;1.662,79;1.662,79;0
04.01.2016;1.630,88;1.630,88;1.630,88;1.630,88;0
05.01.2016;1.630,64;1.630,64;1.630,64;1.630,64;0
06.01.2016;1.610,16;1.610,16;1.610,16;1.610,16;0
07.01.2016;1.576,31;1.576,31;1.576,31;1.576,31;0
08.01.2016;1.561,46;1.561,46;1.561,46;1.561,46;0
11.01.2016;1.557,59;1.557,59;1.557,59;1.557,59;0
12.01.2016;1.561,67;1.561,67;1.561,67;1.561,67;0
13.01.2016;1.544,28;1.544,28;1.544,28;1.544,28;0
14.01.2016;1.549,05;1.549,05;1.549,05;1.549,05;0
15.01.2016;1.521,00;1.521,00;1.521,00;1.521,00;0
19.01.2016;1.520,49;1.520,49;1.520,49;1.520,49;0
20.01.2016;1.491,72;1.491,72;1.491,72;1.491,72;0
21.01.2016;1.497,86;1.497,86;1.497,86;1.497,86;0
22.01.2016;1.536,79;1.536,79;1.536,79;1.536,79;0
25.01.2016;1.521,14;1.521,14;1.521,14;1.521,14;0
26.01.2016;1.535,76;1.535,76;1.535,76;1.535,76;0
27.01.2016;1.531,37;1.531,37;1.531,37;1.531,37;0
28.01.2016;1.532,68;1.532,68;1.532,68;1.532,68;0
29.01.2016;1.562,17;1.562,17;1.562,17;1.562,17;0
01.02.2016;1.566,56;1.566,56;1.566,56;1.566,56;0
02.02.2016;1.538,92;1.538,92;1.538,92;1.538,92;0
03.02.2016;1.540,86;1.540,86;1.540,86;1.540,86;0
04.02.2016;1.548,85;1.548,85;1.548,85;1.548,85;0
05.02.2016;1.523,87;1.523,87;1.523,87;1.523,87;0
08.02.2016;1.498,53;1.498,53;1.498,53;1.498,53;0
09.02.2016;1.488,53;1.488,53;1.488,53;1.488,53;0
10.02.2016;1.486,75;1.486,75;1.486,75;1.486,75;0
11.02.2016;1.468,89;1.468,89;1.468,89;1.468,89;0
12.02.2016;1.486,44;1.486,44;1.486,44;1.486,44;0
16.02.2016;1.519,94;1.519,94;1.519,94;1.519,94;0
17.02.2016;1.544,32;1.544,32;1.544,32;1.544,32;0
18.02.2016;1.543,50;1.543,50;1.543,50;1.543,50;0
19.02.2016;1.538,17;1.538,17;1.538,17;1.538,17;0
22.02.2016;1.558,02;1.558,02;1.558,02;1.558,02;0
23.02.2016;1.540,70;1.540,70;1.540,70;1.540,70;0
24.02.2016;1.534,69;1.534,69;1.534,69;1.534,69;0
25.02.2016;1.553,89;1.553,89;1.553,89;1.553,89;0
26.02.2016;1.554,47;1.554,47;1.554,47;1.554,47;0
29.02.2016;1.547,17;1.547,17;1.547,17;1.547,17;0
01.03.2016;1.575,31;1.575,31;1.575,31;1.575,31;0
02.03.2016;1.588,08;1.588,08;1.588,08;1.588,08;0
03.03.2016;1.598,25;1.598,25;1.598,25;1.598,25;0
04.03.2016;1.608,04;1.608,04;1.608,04;1.608,04;0
07.03.2016;1.607,63;1.607,63;1.607,63;1.607,63;0
08.03.2016;1.593,66;1.593,66;1.593,66;1.593,66;0
09.03.2016;1.598,47;1.598,47;1.598,47;1.598,47;0
10.03.2016;1.597,08;1.597,08;1.597,08;1.597,08;0
11.03.2016;1.626,16;1.626,16;1.626,16;1.626,16;0
14.03.2016;1.627,50;1.627,50;1.627,50;1.627,50;0
15.03.2016;1.619,15;1.619,15;1.619,15;1.619,15;0
16.03.2016;1.621,47;1.621,47;1.621,47;1.621,47;0
17.03.2016;1.643,00;1.643,00;1.643,00;1.643,00;0
18.03.2016;1.645,57;1.645,57;1.645,57;1.645,57;0
21.03.2016;1.643,68;1.643,68;1.643,68;1.643,68;0
22.03.2016;1.643,58;1.643,58;1.643,58;1.643,58;0
23.03.2016;1.631,27;1.631,27;1.631,27;1.631,27;0
24.03.2016;1.622,21;1.622,21;1.622,21;1.622,21;0
28.03.2016;1.627,63;1.627,63;1.627,63;1.627,63;0
29.03.2016;1.635,87;1.635,87;1.635,87;1.635,87;0
30.03.2016;1.652,88;1.652,88;1.652,88;1.652,88;0
31.03.2016;1.648,11;1.648,11;1.648,11;1.648,11;0
01.04.2016;1.640,14;1.640,14;1.640,14;1.640,14;0
04.04.2016;1.640,74;1.640,74;1.640,74;1.640,74;0
05.04.2016;1.618,53;1.618,53;1.618,53;1.618,53;0
06.04.2016;1.633,41;1.633,41;1.633,41;1.633,41;0
07.04.2016;1.621,66;1.621,66;1.621,66;1.621,66;0
08.04.2016;1.632,20;1.632,20;1.632,20;1.632,20;0
11.04.2016;1.632,14;1.632,14;1.632,14;1.632,14;0
12.04.2016;1.644,21;1.644,21;1.644,21;1.644,21;0
13.04.2016;1.666,16;1.666,16;1.666,16;1.666,16;0
14.04.2016;1.671,96;1.671,96;1.671,96;1.671,96;0
15.04.2016;1.670,46;1.670,46;1.670,46;1.670,46;0
18.04.2016;1.675,32;1.675,32;1.675,32;1.675,32;0
19.04.2016;1.692,91;1.692,91;1.692,91;1.692,91;0
20.04.2016;1.695,05;1.695,05;1.695,05;1.695,05;0
21.04.2016;1.690,45;1.690,45;1.690,45;1.690,45;0
22.04.2016;1.686,16;1.686,16;1.686,16;1.686,16;0
25.04.2016;1.682,67;1.682,67;1.682,67;1.682,67;0
26.04.2016;1.685,65;1.685,65;1.685,65;1.685,65;0
27.04.2016;1.685,94;1.685,94;1.685,94;1.685,94;0
28.04.2016;1.677,33;1.677,33;1.677,33;1.677,33;0
29.04.2016;1.670,79;1.670,79;1.670,79;1.670,79;0
02.05.2016;1.675,63;1.675,63;1.675,63;1.675,63;0
03.05.2016;1.658,64;1.658,64;1.658,64;1.658,64;0
04.05.2016;1.644,01;1.644,01;1.644,01;1.644,01;0
05.05.2016;1.641,16;1.641,16;1.641,16;1.641,16;0
06.05.2016;1.643,19;1.643,19;1.643,19;1.643,19;0
09.05.2016;1.642,89;1.642,89;1.642,89;1.642,89;0
10.05.2016;1.662,31;1.662,31;1.662,31;1.662,31;0
11.05.2016;1.653,38;1.653,38;1.653,38;1.653,38;0
12.05.2016;1.649,91;1.649,91;1.649,91;1.649,91;0
13.05.2016;1.635,92;1.635,92;1.635,92;1.635,92;0
16.05.2016;1.648,48;1.648,48;1.648,48;1.648,48;0
17.05.2016;1.641,62;1.641,62;1.641,62;1.641,62;0
18.05.2016;1.641,14;1.641,14;1.641,14;1.641,14;0
19.05.2016;1.627,61;1.627,61;1.627,61;1.627,61;0
20.05.2016;1.639,85;1.639,85;1.639,85;1.639,85;0
23.05.2016;1.635,61;1.635,61;1.635,61;1.635,61;0
24.05.2016;1.654,35;1.654,35;1.654,35;1.654,35;0
25.05.2016;1.668,86;1.668,86;1.668,86;1.668,86;0
26.05.2016;1.672,12;1.672,12;1.672,12;1.672,12;0
27.05.2016;1.676,07;1.676,07;1.676,07;1.676,07;0
31.05.2016;1.674,61;1.674,61;1.674,61;1.674,61;0
01.06.2016;1.672,85;1.672,85;1.672,85;1.672,85;0
02.06.2016;1.673,76;1.673,76;1.673,76;1.673,76;0
03.06.2016;1.678,57;1.678,57;1.678,57;1.678,57;0
06.06.2016;1.686,39;1.686,39;1.686,39;1.686,39;0
07.06.2016;1.694,29;1.694,29;1.694,29;1.694,29;0
08.06.2016;1.699,29;1.699,29;1.699,29;1.699,29;0
09.06.2016;1.688,65;1.688,65;1.688,65;1.688,65;0
10.06.2016;1.665,22;1.665,22;1.665,22;1.665,22;0
13.06.2016;1.645,63;1.645,63;1.645,63;1.645,63;0
14.06.2016;1.630,44;1.630,44;1.630,44;1.630,44;0
15.06.2016;1.633,79;1.633,79;1.633,79;1.633,79;0
16.06.2016;1.628,12;1.628,12;1.628,12;1.628,12;0
17.06.2016;1.635,77;1.635,77;1.635,77;1.635,77;0
20.06.2016;1.664,13;1.664,13;1.664,13;1.664,13;0
21.06.2016;1.668,78;1.668,78;1.668,78;1.668,78;0
22.06.2016;1.667,90;1.667,90;1.667,90;1.667,90;0
23.06.2016;1.691,76;1.691,76;1.691,76;1.691,76;0
24.06.2016;1.608,79;1.608,79;1.608,79;1.608,79;0
27.06.2016;1.571,76;1.571,76;1.571,76;1.571,76;0
28.06.2016;1.599,12;1.599,12;1.599,12;1.599,12;0
29.06.2016;1.634,40;1.634,40;1.634,40;1.634,40;0
30.06.2016;1.653,22;1.653,22;1.653,22;1.653,22;0
01.07.2016;1.660,26;1.660,26;1.660,26;1.660,26;0
05.07.2016;1.645,54;1.645,54;1.645,54;1.645,54;0
06.07.2016;1.640,74;1.640,74;1.640,74;1.640,74;0
07.07.2016;1.643,93;1.643,93;1.643,93;1.643,93;0
08.07.2016;1.662,31;1.662,31;1.662,31;1.662,31;0
11.07.2016;1.676,14;1.676,14;1.676,14;1.676,14;0
12.07.2016;1.690,68;1.690,68;1.690,68;1.690,68;0
13.07.2016;1.694,37;1.694,37;1.694,37;1.694,37;0
14.07.2016;1.703,22;1.703,22;1.703,22;1.703,22;0
15.07.2016;1.700,57;1.700,57;1.700,57;1.700,57;0
18.07.2016;1.703,93;1.703,93;1.703,93;1.703,93;0
19.07.2016;1.698,72;1.698,72;1.698,72;1.698,72;0
20.07.2016;1.707,31;1.707,31;1.707,31;1.707,31;0
21.07.2016;1.705,40;1.705,40;1.705,40;1.705,40;0
22.07.2016;1.706,96;1.706,96;1.706,96;1.706,96;0
25.07.2016;1.703,93;1.703,93;1.703,93;1.703,93;0
26.07.2016;1.705,99;1.705,99;1.705,99;1.705,99;0
27.07.2016;1.706,35;1.706,35;1.706,35;1.706,35;0
28.07.2016;1.707,58;1.707,58;1.707,58;1.707,58;0
29.07.2016;1.721,78;1.721,78;1.721,78;1.721,78;0
01.08.2016;1.717,66;1.717,66;1.717,66;1.717,66;0
02.08.2016;1.706,52;1.706,52;1.706,52;1.706,52;0
03.08.2016;1.703,43;1.703,43;1.703,43;1.703,43;0
04.08.2016;1.707,69;1.707,69;1.707,69;1.707,69;0
05.08.2016;1.716,64;1.716,64;1.716,64;1.716,64;0
08.08.2016;1.719,90;1.719,90;1.719,90;1.719,90;0
09.08.2016;1.728,51;1.728,51;1.728,51;1.728,51;0
10.08.2016;1.727,48;1.727,48;1.727,48;1.727,48;0
11.08.2016;1.735,80;1.735,80;1.735,80;1.735,80;0
12.08.2016;1.736,10;1.736,10;1.736,10;1.736,10;0
15.08.2016;1.739,42;1.739,42;1.739,42;1.739,42;0
16.08.2016;1.730,94;1.730,94;1.730,94;1.730,94;0
17.08.2016;1.731,64;1.731,64;1.731,64;1.731,64;0
18.08.2016;1.736,82;1.736,82;1.736,82;1.736,82;0
19.08.2016;1.731,85;1.731,85;1.731,85;1.731,85;0
22.08.2016;1.732,60;1.732,60;1.732,60;1.732,60;0
23.08.2016;1.738,55;1.738,55;1.738,55;1.738,55;0
24.08.2016;1.731,16;1.731,16;1.731,16;1.731,16;0
25.08.2016;1.727,29;1.727,29;1.727,29;1.727,29;0
26.08.2016;1.726,08;1.726,08;1.726,08;1.726,08;0
29.08.2016;1.725,57;1.725,57;1.725,57;1.725,57;0
30.08.2016;1.723,64;1.723,64;1.723,64;1.723,64;0
31.08.2016;1.719,52;1.719,52;1.719,52;1.719,52;0
01.09.2016;1.723,54;1.723,54;1.723,54;1.723,54;0
02.09.2016;1.734,60;1.734,60;1.734,60;1.734,60;0
06.09.2016;1.745,89;1.745,89;1.745,89;1.745,89;0
07.09.2016;1.747,47;1.747,47;1.747,47;1.747,47;0
08.09.2016;1.744,43;1.744,43;1.744,43;1.744,43;0
09.09.2016;1.707,93;1.707,93;1.707,93;1.707,93;0
12.09.2016;1.715,75;1.715,75;1.715,75;1.715,75;0
13.09.2016;1.694,83;1.694,83;1.694,83;1.694,83;0
14.09.2016;1.692,52;1.692,52;1.692,52;1.692,52;0
15.09.2016;1.704,83;1.704,83;1.704,83;1.704,83;0
16.09.2016;1.696,31;1.696,31;1.696,31;1.696,31;0
19.09.2016;1.703,07;1.703,07;1.703,07;1.703,07;0
20.09.2016;1.703,22;1.703,22;1.703,22;1.703,22;0
21.09.2016;1.721,68;1.721,68;1.721,68;1.721,68;0
22.09.2016;1.740,54;1.740,54;1.740,54;1.740,54;0
23.09.2016;1.729,69;1.729,69;1.729,69;1.729,69;0
26.09.2016;1.714,85;1.714,85;1.714,85;1.714,85;0
27.09.2016;1.719,88;1.719,88;1.719,88;1.719,88;0
28.09.2016;1.725,63;1.725,63;1.725,63;1.725,63;0
29.09.2016;1.719,77;1.719,77;1.719,77;1.719,77;0
30.09.2016;1.725,66;1.725,66;1.725,66;1.725,66;0
03.10.2016;1.722,82;1.722,82;1.722,82;1.722,82;0
04.10.2016;1.717,82;1.717,82;1.717,82;1.717,82;0
05.10.2016;1.721,13;1.721,13;1.721,13;1.721,13;0
06.10.2016;1.718,40;1.718,40;1.718,40;1.718,40;0
07.10.2016;1.712,39;1.712,39;1.712,39;1.712,39;0
10.10.2016;1.719,28;1.719,28;1.719,28;1.719,28;0
11.10.2016;1.700,32;1.700,32;1.700,32;1.700,32;0
12.10.2016;1.695,53;1.695,53;1.695,53;1.695,53;0
13.10.2016;1.689,61;1.689,61;1.689,61;1.689,61;0
14.10.2016;1.693,71;1.693,71;1.693,71;1.693,71;0
17.10.2016;1.687,84;1.687,84;1.687,84;1.687,84;0
18.10.2016;1.701,09;1.701,09;1.701,09;1.701,09;0
19.10.2016;1.706,74;1.706,74;1.706,74;1.706,74;0
20.10.2016;1.704,04;1.704,04;1.704,04;1.704,04;0
21.10.2016;1.701,15;1.701,15;1.701,15;1.701,15;0
24.10.2016;1.706,24;1.706,24;1.706,24;1.706,24;0
25.10.2016;1.701,19;1.701,19;1.701,19;1.701,19;0
26.10.2016;1.699,91;1.699,91;1.699,91;1.699,91;0
27.10.2016;1.694,66;1.694,66;1.694,66;1.694,66;0
28.10.2016;1.690,96;1.690,96;1.690,96;1.690,96;0
31.10.2016;1.690,92;1.690,92;1.690,92;1.690,92;0
01.11.2016;1.683,95;1.683,95;1.683,95;1.683,95;0
02.11.2016;1.672,82;1.672,82;1.672,82;1.672,82;0
03.11.2016;1.667,03;1.667,03;1.667,03;1.667,03;0
04.11.2016;1.660,12;1.660,12;1.660,12;1.660,12;0
07.11.2016;1.685,61;1.685,61;1.685,61;1.685,61;0
08.11.2016;1.691,74;1.691,74;1.691,74;1.691,74;0
09.11.2016;1.696,45;1.696,45;1.696,45;1.696,45;0
10.11.2016;1.701,28;1.701,28;1.701,28;1.701,28;0
11.11.2016;1.696,98;1.696,98;1.696,98;1.696,98;0
14.11.2016;1.692,30;1.692,30;1.692,30;1.692,30;0
15.11.2016;1.701,82;1.701,82;1.701,82;1.701,82;0
16.11.2016;1.698,41;1.698,41;1.698,41;1.698,41;0
17.11.2016;1.706,98;1.706,98;1.706,98;1.706,98;0
18.11.2016;1.697,34;1.697,34;1.697,34;1.697,34;0
21.11.2016;1.710,49;1.710,49;1.710,49;1.710,49;0
22.11.2016;1.713,06;1.713,06;1.713,06;1.713,06;0
23.11.2016;1.709,71;1.709,71;1.709,71;1.709,71;0
25.11.2016;1.720,84;1.720,84;1.720,84;1.720,84;0
28.11.2016;1.712,98;1.712,98;1.712,98;1.712,98;0
29.11.2016;1.715,42;1.715,42;1.715,42;1.715,42;0
30.11.2016;1.712,08;1.712,08;1.712,08;1.712,08;0
01.12.2016;1.708,64;1.708,64;1.708,64;1.708,64;0
02.12.2016;1.708,93;1.708,93;1.708,93;1.708,93;0
05.12.2016;1.718,10;1.718,10;1.718,10;1.718,10;0
06.12.2016;1.727,82;1.727,82;1.727,82;1.727,82;0
07.12.2016;1.749,30;1.749,30;1.749,30;1.749,30;0
08.12.2016;1.752,94;1.752,94;1.752,94;1.752,94;0
09.12.2016;1.760,11;1.760,11;1.760,11;1.760,11;0
12.12.2016;1.760,24;1.760,24;1.760,24;1.760,24;0
13.12.2016;1.774,00;1.774,00;1.774,00;1.774,00;0
14.12.2016;1.763,71;1.763,71;1.763,71;1.763,71;0
15.12.2016;1.754,51;1.754,51;1.754,51;1.754,51;0
16.12.2016;1.754,74;1.754,74;1.754,74;1.754,74;0
19.12.2016;1.758,81;1.758,81;1.758,81;1.758,81;0
20.12.2016;1.761,42;1.761,42;1.761,42;1.761,42;0
21.12.2016;1.760,09;1.760,09;1.760,09;1.760,09;0
22.12.2016;1.757,83;1.757,83;1.757,83;1.757,83;0
23.12.2016;1.759,15;1.759,15;1.759,15;1.759,15;0
27.12.2016;1.760,56;1.760,56;1.760,56;1.760,56;0
28.12.2016;1.750,47;1.750,47;1.750,47;1.750,47;0
29.12.2016;1.752,96;1.752,96;1.752,96;1.752,96;0
30.12.2016;1.751,21;1.751,21;1.751,21;1.751,21;0
03.01.2017;1.757,98;1.757,98;1.757,98;1.757,98;0
04.01.2017;1.773,96;1.773,96;1.773,96;1.773,96;0
05.01.2017;1.782,45;1.782,45;1.782,45;1.782,45;0
06.01.2017;1.783,09;1.783,09;1.783,09;1.783,09;0
09.01.2017;1.776,94;1.776,94;1.776,94;1.776,94;0
10.01.2017;1.779,62;1.779,62;1.779,62;1.779,62;0
11.01.2017;1.778,16;1.778,16;1.778,16;1.778,16;0
12.01.2017;1.783,44;1.783,44;1.783,44;1.783,44;0
13.01.2017;1.788,23;1.788,23;1.788,23;1.788,23;0
17.01.2017;1.782,85;1.782,85;1.782,85;1.782,85;0
18.01.2017;1.785,69;1.785,69;1.785,69;1.785,69;0
19.01.2017;1.776,01;1.776,01;1.776,01;1.776,01;0
20.01.2017;1.782,71;1.782,71;1.782,71;1.782,71;0
23.01.2017;1.781,43;1.781,43;1.781,43;1.781,43;0
24.01.2017;1.790,57;1.790,57;1.790,57;1.790,57;0
25.01.2017;1.805,80;1.805,80;1.805,80;1.805,80;0
26.01.2017;1.803,74;1.803,74;1.803,74;1.803,74;0
27.01.2017;1.803,38;1.803,38;1.803,38;1.803,38;0
30.01.2017;1.792,05;1.792,05;1.792,05;1.792,05;0
31.01.2017;1.792,40;1.792,40;1.792,40;1.792,40;0
01.02.2017;1.793,38;1.793,38;1.793,38;1.793,38;0
02.02.2017;1.795,11;1.795,11;1.795,11;1.795,11;0
03.02.2017;1.805,51;1.805,51;1.805,51;1.805,51;0
06.02.2017;1.798,20;1.798,20;1.798,20;1.798,20;0
07.02.2017;1.797,29;1.797,29;1.797,29;1.797,29;0
08.02.2017;1.802,26;1.802,26;1.802,26;1.802,26;0
09.02.2017;1.807,54;1.807,54;1.807,54;1.807,54;0
10.02.2017;1.814,71;1.814,71;1.814,71;1.814,71;0
13.02.2017;1.823,34;1.823,34;1.823,34;1.823,34;0
14.02.2017;1.823,62;1.823,62;1.823,62;1.823,62;0
15.02.2017;1.833,55;1.833,55;1.833,55;1.833,55;0
16.02.2017;1.836,56;1.836,56;1.836,56;1.836,56;0
17.02.2017;1.836,49;1.836,49;1.836,49;1.836,49;0
21.02.2017;1.843,05;1.843,05;1.843,05;1.843,05;0
22.02.2017;1.842,37;1.842,37;1.842,37;1.842,37;0
23.02.2017;1.845,35;1.845,35;1.845,35;1.845,35;0
24.02.2017;1.840,79;1.840,79;1.840,79;1.840,79;0
27.02.2017;1.841,56;1.841,56;1.841,56;1.841,56;0
28.02.2017;1.838,69;1.838,69;1.838,69;1.838,69;0
01.03.2017;1.856,34;1.856,34;1.856,34;1.856,34;0
02.03.2017;1.848,83;1.848,83;1.848,83;1.848,83;0
03.03.2017;1.848,98;1.848,98;1.848,98;1.848,98;0
06.03.2017;1.845,69;1.845,69;1.845,69;1.845,69;0
07.03.2017;1.840,57;1.840,57;1.840,57;1.840,57;0
08.03.2017;1.834,72;1.834,72;1.834,72;1.834,72;0
09.03.2017;1.835,89;1.835,89;1.835,89;1.835,89;0
10.03.2017;1.845,87;1.845,87;1.845,87;1.845,87;0
13.03.2017;1.850,01;1.850,01;1.850,01;1.850,01;0
14.03.2017;1.842,97;1.842,97;1.842,97;1.842,97;0
15.03.2017;1.854,14;1.854,14;1.854,14;1.854,14;0
16.03.2017;1.864,10;1.864,10;1.864,10;1.864,10;0
17.03.2017;1.863,07;1.863,07;1.863,07;1.863,07;0
20.03.2017;1.860,52;1.860,52;1.860,52;1.860,52;0
21.03.2017;1.846,39;1.846,39;1.846,39;1.846,39;0
22.03.2017;1.842,63;1.842,63;1.842,63;1.842,63;0
23.03.2017;1.844,96;1.844,96;1.844,96;1.844,96;0
24.03.2017;1.845,80;1.845,80;1.845,80;1.845,80;0
27.03.2017;1.845,15;1.845,15;1.845,15;1.845,15;0
28.03.2017;1.858,87;1.858,87;1.858,87;1.858,87;0
29.03.2017;1.856,76;1.856,76;1.856,76;1.856,76;0
30.03.2017;1.859,94;1.859,94;1.859,94;1.859,94;0
31.03.2017;1.853,69;1.853,69;1.853,69;1.853,69;0
03.04.2017;1.848,97;1.848,97;1.848,97;1.848,97;0
04.04.2017;1.850,02;1.850,02;1.850,02;1.850,02;0
05.04.2017;1.845,94;1.845,94;1.845,94;1.845,94;0
06.04.2017;1.846,59;1.846,59;1.846,59;1.846,59;0
07.04.2017;1.845,46;1.845,46;1.845,46;1.845,46;0
10.04.2017;1.846,77;1.846,77;1.846,77;1.846,77;0
11.04.2017;1.847,88;1.847,88;1.847,88;1.847,88;0
12.04.2017;1.842,98;1.842,98;1.842,98;1.842,98;0
13.04.2017;1.833,12;1.833,12;1.833,12;1.833,12;0
17.04.2017;1.846,13;1.846,13;1.846,13;1.846,13;0
18.04.2017;1.837,34;1.837,34;1.837,34;1.837,34;0
19.04.2017;1.835,03;1.835,03;1.835,03;1.835,03;0
20.04.2017;1.846,65;1.846,65;1.846,65;1.846,65;0
21.04.2017;1.842,06;1.842,06;1.842,06;1.842,06;0
24.04.2017;1.871,65;1.871,65;1.871,65;1.871,65;0
25.04.2017;1.882,03;1.882,03;1.882,03;1.882,03;0
26.04.2017;1.882,43;1.882,43;1.882,43;1.882,43;0
27.04.2017;1.881,14;1.881,14;1.881,14;1.881,14;0
28.04.2017;1.878,27;1.878,27;1.878,27;1.878,27;0
01.05.2017;1.882,48;1.882,48;1.882,48;1.882,48;0
02.05.2017;1.886,14;1.886,14;1.886,14;1.886,14;0
03.05.2017;1.883,13;1.883,13;1.883,13;1.883,13;0
04.05.2017;1.886,48;1.886,48;1.886,48;1.886,48;0
05.05.2017;1.896,74;1.896,74;1.896,74;1.896,74;0
08.05.2017;1.897,32;1.897,32;1.897,32;1.897,32;0
09.05.2017;1.893,41;1.893,41;1.893,41;1.893,41;0
10.05.2017;1.895,92;1.895,92;1.895,92;1.895,92;0
11.05.2017;1.891,21;1.891,21;1.891,21;1.891,21;0
12.05.2017;1.892,96;1.892,96;1.892,96;1.892,96;0
15.05.2017;1.901,63;1.901,63;1.901,63;1.901,63;0
16.05.2017;1.906,23;1.906,23;1.906,23;1.906,23;0
17.05.2017;1.882,61;1.882,61;1.882,61;1.882,61;0
18.05.2017;1.880,96;1.880,96;1.880,96;1.880,96;0
19.05.2017;1.894,77;1.894,77;1.894,77;1.894,77;0
22.05.2017;1.904,91;1.904,91;1.904,91;1.904,91;0
23.05.2017;1.906,69;1.906,69;1.906,69;1.906,69;0
24.05.2017;1.907,80;1.907,80;1.907,80;1.907,80;0
25.05.2017;1.914,58;1.914,58;1.914,58;1.914,58;0
26.05.2017;1.912,21;1.912,21;1.912,21;1.912,21;0
30.05.2017;1.909,89;1.909,89;1.909,89;1.909,89;0
31.05.2017;1.911,74;1.911,74;1.911,74;1.911,74;0
01.06.2017;1.923,10;1.923,10;1.923,10;1.923,10;0
02.06.2017;1.935,21;1.935,21;1.935,21;1.935,21;0
05.06.2017;1.931,72;1.931,72;1.931,72;1.931,72;0
06.06.2017;1.926,05;1.926,05;1.926,05;1.926,05;0
07.06.2017;1.927,05;1.927,05;1.927,05;1.927,05;0
08.06.2017;1.924,19;1.924,19;1.924,19;1.924,19;0
09.06.2017;1.922,78;1.922,78;1.922,78;1.922,78;0
12.06.2017;1.918,70;1.918,70;1.918,70;1.918,70;0
13.06.2017;1.928,74;1.928,74;1.928,74;1.928,74;0
14.06.2017;1.930,52;1.930,52;1.930,52;1.930,52;0
15.06.2017;1.916,51;1.916,51;1.916,51;1.916,51;0
16.06.2017;1.923,23;1.923,23;1.923,23;1.923,23;0
19.06.2017;1.936,52;1.936,52;1.936,52;1.936,52;0
20.06.2017;1.922,53;1.922,53;1.922,53;1.922,53;0
21.06.2017;1.919,99;1.919,99;1.919,99;1.919,99;0
22.06.2017;1.921,54;1.921,54;1.921,54;1.921,54;0
23.06.2017;1.925,01;1.925,01;1.925,01;1.925,01;0
26.06.2017;1.927,48;1.927,48;1.927,48;1.927,48;0
27.06.2017;1.917,56;1.917,56;1.917,56;1.917,56;0
28.06.2017;1.931,72;1.931,72;1.931,72;1.931,72;0
29.06.2017;1.919,59;1.919,59;1.919,59;1.919,59;0
30.06.2017;1.916,42;1.916,42;1.916,42;1.916,42;0
03.07.2017;1.920,58;1.920,58;1.920,58;1.920,58;0
05.07.2017;1.920,32;1.920,32;1.920,32;1.920,32;0
06.07.2017;1.909,00;1.909,00;1.909,00;1.909,00;0
07.07.2017;1.913,18;1.913,18;1.913,18;1.913,18;0
10.07.2017;1.917,11;1.917,11;1.917,11;1.917,11;0
11.07.2017;1.915,66;1.915,66;1.915,66;1.915,66;0
12.07.2017;1.932,86;1.932,86;1.932,86;1.932,86;0
13.07.2017;1.936,94;1.936,94;1.936,94;1.936,94;0
14.07.2017;1.948,07;1.948,07;1.948,07;1.948,07;0
17.07.2017;1.948,58;1.948,58;1.948,58;1.948,58;0
18.07.2017;1.949,65;1.949,65;1.949,65;1.949,65;0
19.07.2017;1.958,56;1.958,56;1.958,56;1.958,56;0
20.07.2017;1.963,31;1.963,31;1.963,31;1.963,31;0
21.07.2017;1.958,77;1.958,77;1.958,77;1.958,77;0
24.07.2017;1.954,83;1.954,83;1.954,83;1.954,83;0
25.07.2017;1.960,59;1.960,59;1.960,59;1.960,59;0
26.07.2017;1.961,89;1.961,89;1.961,89;1.961,89;0
27.07.2017;1.963,54;1.963,54;1.963,54;1.963,54;0
28.07.2017;1.960,31;1.960,31;1.960,31;1.960,31;0
31.07.2017;1.961,10;1.961,10;1.961,10;1.961,10;0
01.08.2017;1.970,38;1.970,38;1.970,38;1.970,38;0
02.08.2017;1.970,29;1.970,29;1.970,29;1.970,29;0
03.08.2017;1.968,71;1.968,71;1.968,71;1.968,71;0
04.08.2017;1.967,76;1.967,76;1.967,76;1.967,76;0
07.08.2017;1.971,76;1.971,76;1.971,76;1.971,76;0
10.08.2017;1.940,28;1.940,28;1.940,28;1.940,28;0
11.08.2017;1.937,72;1.937,72;1.937,72;1.937,72;0
14.08.2017;1.952,57;1.952,57;1.952,57;1.952,57;0
15.08.2017;1.949,23;1.949,23;1.949,23;1.949,23;0
16.08.2017;1.954,03;1.954,03;1.954,03;1.954,03;0
17.08.2017;1.936,31;1.936,31;1.936,31;1.936,31;0
22.08.2017;1.945,17;1.945,17;1.945,17;1.945,17;0
23.08.2017;1.942,14;1.942,14;1.942,14;1.942,14;0
24.08.2017;1.939,65;1.939,65;1.939,65;1.939,65;0
25.08.2017;1.944,56;1.944,56;1.944,56;1.944,56;0
30.08.2017;1.947,53;1.947,53;1.947,53;1.947,53;0
31.08.2017;1.959,74;1.959,74;1.959,74;1.959,74;0
01.09.2017;1.965,79;1.965,79;1.965,79;1.965,79;0
05.09.2017;1.954,63;1.954,63;1.954,63;1.954,63;0
06.09.2017;1.959,14;1.959,14;1.959,14;1.959,14;0
07.09.2017;1.964,57;1.964,57;1.964,57;1.964,57;0
08.09.2017;1.964,52;1.964,52;1.964,52;1.964,52;0
11.09.2017;1.981,97;1.981,97;1.981,97;1.981,97;0
12.09.2017;1.988,27;1.988,27;1.988,27;1.988,27;0
13.09.2017;1.986,74;1.986,74;1.986,74;1.986,74;0
14.09.2017;1.983,41;1.983,41;1.983,41;1.983,41;0
15.09.2017;1.987,72;1.987,72;1.987,72;1.987,72;0
18.09.2017;1.990,58;1.990,58;1.990,58;1.990,58;0
19.09.2017;1.996,09;1.996,09;1.996,09;1.996,09;0
20.09.2017;1.998,68;1.998,68;1.998,68;1.998,68;0
21.09.2017;1.990,32;1.990,32;1.990,32;1.990,32;0
22.09.2017;1.994,58;1.994,58;1.994,58;1.994,58;0
25.09.2017;1.989,07;1.989,07;1.989,07;1.989,07;0
26.09.2017;1.983,25;1.983,25;1.983,25;1.983,25;0
27.09.2017;1.988,00;1.988,00;1.988,00;1.988,00;0
28.09.2017;1.992,36;1.992,36;1.992,36;1.992,36;0
29.09.2017;2.000,55;2.000,55;2.000,55;2.000,55;0
02.10.2017;2.004,67;2.004,67;2.004,67;2.004,67;0
03.10.2017;2.009,63;2.009,63;2.009,63;2.009,63;0
04.10.2017;2.010,94;2.010,94;2.010,94;2.010,94;0
05.10.2017;2.016,14;2.016,14;2.016,14;2.016,14;0
06.10.2017;2.014,01;2.014,01;2.014,01;2.014,01;0
09.10.2017;2.013,11;2.013,11;2.013,11;2.013,11;0
10.10.2017;2.021,55;2.021,55;2.021,55;2.021,55;0
11.10.2017;2.024,54;2.024,54;2.024,54;2.024,54;0
12.10.2017;2.023,64;2.023,64;2.023,64;2.023,64;0
13.10.2017;2.028,00;2.028,00;2.028,00;2.028,00;0
16.10.2017;2.029,88;2.029,88;2.029,88;2.029,88;0
17.10.2017;2.027,36;2.027,36;2.027,36;2.027,36;0
18.10.2017;2.030,43;2.030,43;2.030,43;2.030,43;0
19.10.2017;2.033,28;2.033,28;2.033,28;2.033,28;0
20.10.2017;2.035,58;2.035,58;2.035,58;2.035,58;0
23.10.2017;2.030,06;2.030,06;2.030,06;2.030,06;0
24.10.2017;2.031,38;2.031,38;2.031,38;2.031,38;0
25.10.2017;2.023,48;2.023,48;2.023,48;2.023,48;0
26.10.2017;2.025,68;2.025,68;2.025,68;2.025,68;0
27.10.2017;2.034,60;2.034,60;2.034,60;2.034,60;0
30.10.2017;2.034,59;2.034,59;2.034,59;2.034,59;0
31.10.2017;2.036,80;2.036,80;2.036,80;2.036,80;0
01.11.2017;2.041,17;2.041,17;2.041,17;2.041,17;0
02.11.2017;2.043,24;2.043,24;2.043,24;2.043,24;0
03.11.2017;2.045,46;2.045,46;2.045,46;2.045,46;0
06.11.2017;2.046,79;2.046,79;2.046,79;2.046,79;0
07.11.2017;2.046,78;2.046,78;2.046,78;2.046,78;0
08.11.2017;2.050,70;2.050,70;2.050,70;2.050,70;0
09.11.2017;2.042,36;2.042,36;2.042,36;2.042,36;0
10.11.2017;2.040,25;2.040,25;2.040,25;2.040,25;0
13.11.2017;2.035,71;2.035,71;2.035,71;2.035,71;0
14.11.2017;2.031,88;2.031,88;2.031,88;2.031,88;0
15.11.2017;2.021,02;2.021,02;2.021,02;2.021,02;0
16.11.2017;2.035,81;2.035,81;2.035,81;2.035,81;0
17.11.2017;2.033,17;2.033,17;2.033,17;2.033,17;0
20.11.2017;2.035,72;2.035,72;2.035,72;2.035,72;0
21.11.2017;2.047,14;2.047,14;2.047,14;2.047,14;0
22.11.2017;2.050,06;2.050,06;2.050,06;2.050,06;0
24.11.2017;2.059,54;2.059,54;2.059,54;2.059,54;0
27.11.2017;2.055,77;2.055,77;2.055,77;2.055,77;0
28.11.2017;2.066,55;2.066,55;2.066,55;2.066,55;0
29.11.2017;2.066,22;2.066,22;2.066,22;2.066,22;0
30.11.2017;2.077,36;2.077,36;2.077,36;2.077,36;0
01.12.2017;2.069,37;2.069,37;2.069,37;2.069,37;0
04.12.2017;2.069,99;2.069,99;2.069,99;2.069,99;0
05.12.2017;2.063,64;2.063,64;2.063,64;2.063,64;0
06.12.2017;2.058,22;2.058,22;2.058,22;2.058,22;0
07.12.2017;2.063,57;2.063,57;2.063,57;2.063,57;0
08.12.2017;2.073,46;2.073,46;2.073,46;2.073,46;0
11.12.2017;2.081,24;2.081,24;2.081,24;2.081,24;0
12.12.2017;2.083,43;2.083,43;2.083,43;2.083,43;0
13.12.2017;2.084,36;2.084,36;2.084,36;2.084,36;0
14.12.2017;2.077,55;2.077,55;2.077,55;2.077,55;0
15.12.2017;2.085,54;2.085,54;2.085,54;2.085,54;0
18.12.2017;2.104,02;2.104,02;2.104,02;2.104,02;0
19.12.2017;2.096,34;2.096,34;2.096,34;2.096,34;0
20.12.2017;2.095,44;2.095,44;2.095,44;2.095,44;0
21.12.2017;2.100,77;2.100,77;2.100,77;2.100,77;0
22.12.2017;2.099,58;2.099,58;2.099,58;2.099,58;0
26.12.2017;2.099,30;2.099,30;2.099,30;2.099,30;0
27.12.2017;2.103,18;2.103,18;2.103,18;2.103,18;0
28.12.2017;2.106,89;2.106,89;2.106,89;2.106,89;0
29.12.2017;2.103,44;2.103,44;2.103,44;2.103,44;0
02.01.2018;2.116,04;2.116,04;2.116,04;2.116,04;0
03.01.2018;2.125,64;2.125,64;2.125,64;2.125,64;0
04.01.2018;2.142,75;2.142,75;2.142,75;2.142,75;0
05.01.2018;2.156,60;2.156,60;2.156,60;2.156,60;0
08.01.2018;2.157,96;2.157,96;2.157,96;2.157,96;0
09.01.2018;2.161,78;2.161,78;2.161,78;2.161,78;0
10.01.2018;2.162,28;2.162,28;2.162,28;2.162,28;0
11.01.2018;2.171,77;2.171,77;2.171,77;2.171,77;0
12.01.2018;2.185,31;2.185,31;2.185,31;2.185,31;0
16.01.2018;2.188,39;2.188,39;2.188,39;2.188,39;0
17.01.2018;2.199,93;2.199,93;2.199,93;2.199,93;0
18.01.2018;2.196,72;2.196,72;2.196,72;2.196,72;0
19.01.2018;2.207,40;2.207,40;2.207,40;2.207,40;0
22.01.2018;2.221,01;2.221,01;2.221,01;2.221,01;0
23.01.2018;2.230,05;2.230,05;2.230,05;2.230,05;0
24.01.2018;2.232,30;2.232,30;2.232,30;2.232,30;0
25.01.2018;2.234,37;2.234,37;2.234,37;2.234,37;0
26.01.2018;2.248,93;2.248,93;2.248,93;2.248,93;0
29.01.2018;2.234,22;2.234,22;2.234,22;2.234,22;0
30.01.2018;2.214,11;2.214,11;2.214,11;2.214,11;0
31.01.2018;2.213,23;2.213,23;2.213,23;2.213,23;0
01.02.2018;2.212,52;2.212,52;2.212,52;2.212,52;0
02.02.2018;2.171,54;2.171,54;2.171,54;2.171,54;0
05.02.2018;2.103,63;2.103,63;2.103,63;2.103,63;0
06.02.2018;2.098,84;2.098,84;2.098,84;2.098,84;0
07.02.2018;2.101,07;2.101,07;2.101,07;2.101,07;0
08.02.2018;2.045,01;2.045,01;2.045,01;2.045,01;0
09.02.2018;2.050,89;2.050,89;2.050,89;2.050,89;0
12.02.2018;2.075,91;2.075,91;2.075,91;2.075,91;0
13.02.2018;2.080,67;2.080,67;2.080,67;2.080,67;0
14.02.2018;2.105,85;2.105,85;2.105,85;2.105,85;0
15.02.2018;2.130,94;2.130,94;2.130,94;2.130,94;0
16.02.2018;2.137,91;2.137,91;2.137,91;2.137,91;0
20.02.2018;2.126,21;2.126,21;2.126,21;2.126,21;0
21.02.2018;2.118,35;2.118,35;2.118,35;2.118,35;0
22.02.2018;2.117,17;2.117,17;2.117,17;2.117,17;0
23.02.2018;2.140,90;2.140,90;2.140,90;2.140,90;0
26.02.2018;2.159,66;2.159,66;2.159,66;2.159,66;0
27.02.2018;2.140,56;2.140,56;2.140,56;2.140,56;0
28.02.2018;2.117,99;2.117,99;2.117,99;2.117,99;0
01.03.2018;2.089,97;2.089,97;2.089,97;2.089,97;0
02.03.2018;2.089,84;2.089,84;2.089,84;2.089,84;0
05.03.2018;2.106,58;2.106,58;2.106,58;2.106,58;0
06.03.2018;2.117,76;2.117,76;2.117,76;2.117,76;0
07.03.2018;2.115,98;2.115,98;2.115,98;2.115,98;0
08.03.2018;2.125,28;2.125,28;2.125,28;2.125,28;0
09.03.2018;2.149,32;2.149,32;2.149,32;2.149,32;0
12.03.2018;2.154,25;2.154,25;2.154,25;2.154,25;0
13.03.2018;2.144,60;2.144,60;2.144,60;2.144,60;0
14.03.2018;2.134,51;2.134,51;2.134,51;2.134,51;0
15.03.2018;2.133,34;2.133,34;2.133,34;2.133,34;0
16.03.2018;2.134,04;2.134,04;2.134,04;2.134,04;0
19.03.2018;2.110,40;2.110,40;2.110,40;2.110,40;0
20.03.2018;2.110,91;2.110,91;2.110,91;2.110,91;0
21.03.2018;2.109,18;2.109,18;2.109,18;2.109,18;0
22.03.2018;2.072,94;2.072,94;2.072,94;2.072,94;0
23.03.2018;2.036,55;2.036,55;2.036,55;2.036,55;0
26.03.2018;2.069,13;2.069,13;2.069,13;2.069,13;0
27.03.2018;2.055,54;2.055,54;2.055,54;2.055,54;0
28.03.2018;2.047,75;2.047,75;2.047,75;2.047,75;0
29.03.2018;2.065,52;2.065,52;2.065,52;2.065,52;0
02.04.2018;2.038,53;2.038,53;2.038,53;2.038,53;0
03.04.2018;2.048,79;2.048,79;2.048,79;2.048,79;0
04.04.2018;2.061,30;2.061,30;2.061,30;2.061,30;0
05.04.2018;2.080,69;2.080,69;2.080,69;2.080,69;0
06.04.2018;2.052,77;2.052,77;2.052,77;2.052,77;0
09.04.2018;2.061,18;2.061,18;2.061,18;2.061,18;0
10.04.2018;2.090,11;2.090,11;2.090,11;2.090,11;0
11.04.2018;2.082,57;2.082,57;2.082,57;2.082,57;0
12.04.2018;2.090,89;2.090,89;2.090,89;2.090,89;0
13.04.2018;2.088,98;2.088,98;2.088,98;2.088,98;0
16.04.2018;2.099,81;2.099,81;2.099,81;2.099,81;0
17.04.2018;2.116,42;2.116,42;2.116,42;2.116,42;0
18.04.2018;2.123,76;2.123,76;2.123,76;2.123,76;0
19.04.2018;2.115,92;2.115,92;2.115,92;2.115,92;0
20.04.2018;2.099,73;2.099,73;2.099,73;2.099,73;0
23.04.2018;2.097,22;2.097,22;2.097,22;2.097,22;0
24.04.2018;2.081,51;2.081,51;2.081,51;2.081,51;0
25.04.2018;2.076,73;2.076,73;2.076,73;2.076,73;0
26.04.2018;2.092,44;2.092,44;2.092,44;2.092,44;0
27.04.2018;2.096,04;2.096,04;2.096,04;2.096,04;0
30.04.2018;2.086,51;2.086,51;2.086,51;2.086,51;0
01.05.2018;2.083,77;2.083,77;2.083,77;2.083,77;0
02.05.2018;2.076,69;2.076,69;2.076,69;2.076,69;0
03.05.2018;2.071,36;2.071,36;2.071,36;2.071,36;0
04.05.2018;2.089,43;2.089,43;2.089,43;2.089,43;0
07.05.2018;2.096,86;2.096,86;2.096,86;2.096,86;0
08.05.2018;2.095,07;2.095,07;2.095,07;2.095,07;0
09.05.2018;2.109,83;2.109,83;2.109,83;2.109,83;0
10.05.2018;2.123,52;2.123,52;2.123,52;2.123,52;0
11.05.2018;2.131,95;2.131,95;2.131,95;2.131,95;0
14.05.2018;2.136,09;2.136,09;2.136,09;2.136,09;0
15.05.2018;2.119,98;2.119,98;2.119,98;2.119,98;0
16.05.2018;2.122,97;2.122,97;2.122,97;2.122,97;0
17.05.2018;2.125,55;2.125,55;2.125,55;2.125,55;0
18.05.2018;2.120,79;2.120,79;2.120,79;2.120,79;0
21.05.2018;2.130,71;2.130,71;2.130,71;2.130,71;0
22.05.2018;2.128,77;2.128,77;2.128,77;2.128,77;0
23.05.2018;2.122,89;2.122,89;2.122,89;2.122,89;0
24.05.2018;2.117,73;2.117,73;2.117,73;2.117,73;0
25.05.2018;2.110,79;2.110,79;2.110,79;2.110,79;0
29.05.2018;2.083,27;2.083,27;2.083,27;2.083,27;0
30.05.2018;2.100,42;2.100,42;2.100,42;2.100,42;0
31.05.2018;2.092,92;2.092,92;2.092,92;2.092,92;0
01.06.2018;2.109,19;2.109,19;2.109,19;2.109,19;0
04.06.2018;2.121,85;2.121,85;2.121,85;2.121,85;0
05.06.2018;2.119,36;2.119,36;2.119,36;2.119,36;0
06.06.2018;2.136,73;2.136,73;2.136,73;2.136,73;0
07.06.2018;2.137,56;2.137,56;2.137,56;2.137,56;0
08.06.2018;2.137,74;2.137,74;2.137,74;2.137,74;0
11.06.2018;2.144,20;2.144,20;2.144,20;2.144,20;0
12.06.2018;2.145,36;2.145,36;2.145,36;2.145,36;0
13.06.2018;2.140,20;2.140,20;2.140,20;2.140,20;0
14.06.2018;2.142,01;2.142,01;2.142,01;2.142,01;0
15.06.2018;2.134,15;2.134,15;2.134,15;2.134,15;0
18.06.2018;2.125,79;2.125,79;2.125,79;2.125,79;0
19.06.2018;2.111,44;2.111,44;2.111,44;2.111,44;0
20.06.2018;2.117,75;2.117,75;2.117,75;2.117,75;0
21.06.2018;2.105,93;2.105,93;2.105,93;2.105,93;0
22.06.2018;2.114,90;2.114,90;2.114,90;2.114,90;0
25.06.2018;2.085,59;2.085,59;2.085,59;2.085,59;0
26.06.2018;2.088,40;2.088,40;2.088,40;2.088,40;0
27.06.2018;2.076,30;2.076,30;2.076,30;2.076,30;0
28.06.2018;2.079,61;2.079,61;2.079,61;2.079,61;0
29.06.2018;2.089,30;2.089,30;2.089,30;2.089,30;0
02.07.2018;2.082,08;2.082,08;2.082,08;2.082,08;0
03.07.2018;2.082,04;2.082,04;2.082,04;2.082,04;0
05.07.2018;2.096,18;2.096,18;2.096,18;2.096,18;0
06.07.2018;2.113,74;2.113,74;2.113,74;2.113,74;0
09.07.2018;2.131,14;2.131,14;2.131,14;2.131,14;0
10.07.2018;2.135,87;2.135,87;2.135,87;2.135,87;0
11.07.2018;2.117,30;2.117,30;2.117,30;2.117,30;0
12.07.2018;2.130,86;2.130,86;2.130,86;2.130,86;0
13.07.2018;2.134,60;2.134,60;2.134,60;2.134,60;0
16.07.2018;2.132,79;2.132,79;2.132,79;2.132,79;0
17.07.2018;2.138,14;2.138,14;2.138,14;2.138,14;0
18.07.2018;2.142,24;2.142,24;2.142,24;2.142,24;0
19.07.2018;2.134,84;2.134,84;2.134,84;2.134,84;0
20.07.2018;2.139,17;2.139,17;2.139,17;2.139,17;0
23.07.2018;2.139,43;2.139,43;2.139,43;2.139,43;0
24.07.2018;2.151,07;2.151,07;2.151,07;2.151,07;0
25.07.2018;2.161,75;2.161,75;2.161,75;2.161,75;0
26.07.2018;2.161,93;2.161,93;2.161,93;2.161,93;0
27.07.2018;2.156,10;2.156,10;2.156,10;2.156,10;0
30.07.2018;2.148,25;2.148,25;2.148,25;2.148,25;0
31.07.2018;2.153,09;2.153,09;2.153,09;2.153,09;0
01.08.2018;2.149,36;2.149,36;2.149,36;2.149,36;0
02.08.2018;2.147,57;2.147,57;2.147,57;2.147,57;0
03.08.2018;2.155,39;2.155,39;2.155,39;2.155,39;0
06.08.2018;2.157,33;2.157,33;2.157,33;2.157,33;0
07.08.2018;2.166,85;2.166,85;2.166,85;2.166,85;0
08.08.2018;2.166,14;2.166,14;2.166,14;2.166,14;0
09.08.2018;2.163,69;2.163,69;2.163,69;2.163,69;0
10.08.2018;2.139,84;2.139,84;2.139,84;2.139,84;0
13.08.2018;2.127,46;2.127,46;2.127,46;2.127,46;0
14.08.2018;2.137,35;2.137,35;2.137,35;2.137,35;0
15.08.2018;2.115,70;2.115,70;2.115,70;2.115,70;0
16.08.2018;2.131,05;2.131,05;2.131,05;2.131,05;0
17.08.2018;2.138,10;2.138,10;2.138,10;2.138,10;0
20.08.2018;2.145,24;2.145,24;2.145,24;2.145,24;0
21.08.2018;2.151,78;2.151,78;2.151,78;2.151,78;0
22.08.2018;2.155,98;2.155,98;2.155,98;2.155,98;0
23.08.2018;2.149,22;2.149,22;2.149,22;2.149,22;0
24.08.2018;2.161,60;2.161,60;2.161,60;2.161,60;0
27.08.2018;2.179,95;2.179,95;2.179,95;2.179,95;0
28.08.2018;2.182,50;2.182,50;2.182,50;2.182,50;0
29.08.2018;2.190,75;2.190,75;2.190,75;2.190,75;0
30.08.2018;2.181,56;2.181,56;2.181,56;2.181,56;0
31.08.2018;2.175,49;2.175,49;2.175,49;2.175,49;0
04.09.2018;2.162,82;2.162,82;2.162,82;2.162,82;0
05.09.2018;2.152,77;2.152,77;2.152,77;2.152,77;0
06.09.2018;2.144,02;2.144,02;2.144,02;2.144,02;0
07.09.2018;2.137,60;2.137,60;2.137,60;2.137,60;0
10.09.2018;2.142,64;2.142,64;2.142,64;2.142,64;0
11.09.2018;2.147,67;2.147,67;2.147,67;2.147,67;0
12.09.2018;2.152,69;2.152,69;2.152,69;2.152,69;0
13.09.2018;2.162,67;2.162,67;2.162,67;2.162,67;0
14.09.2018;2.166,58;2.166,58;2.166,58;2.166,58;0
17.09.2018;2.160,52;2.160,52;2.160,52;2.160,52;0
18.09.2018;2.172,26;2.172,26;2.172,26;2.172,26;0
19.09.2018;2.177,74;2.177,74;2.177,74;2.177,74;0
20.09.2018;2.195,67;2.195,67;2.195,67;2.195,67;0
21.09.2018;2.200,00;2.200,00;2.200,00;2.200,00;0
24.09.2018;2.193,00;2.193,00;2.193,00;2.193,00;0
25.09.2018;2.194,19;2.194,19;2.194,19;2.194,19;0
26.09.2018;2.189,31;2.189,31;2.189,31;2.189,31;0
27.09.2018;2.188,70;2.188,70;2.188,70;2.188,70;0
28.09.2018;2.184,00;2.184,00;2.184,00;2.184,00;0
01.10.2018;2.188,18;2.188,18;2.188,18;2.188,18;0
02.10.2018;2.183,62;2.183,62;2.183,62;2.183,62;0
03.10.2018;2.183,63;2.183,63;2.183,63;2.183,63;0
04.10.2018;2.165,43;2.165,43;2.165,43;2.165,43;0
05.10.2018;2.151,42;2.151,42;2.151,42;2.151,42;0
08.10.2018;2.143,56;2.143,56;2.143,56;2.143,56;0
09.10.2018;2.138,46;2.138,46;2.138,46;2.138,46;0
10.10.2018;2.089,09;2.089,09;2.089,09;2.089,09;0
11.10.2018;2.044,95;2.044,95;2.044,95;2.044,95;0
12.10.2018;2.063,43;2.063,43;2.063,43;2.063,43;0
15.10.2018;2.055,10;2.055,10;2.055,10;2.055,10;0
16.10.2018;2.091,20;2.091,20;2.091,20;2.091,20;0
17.10.2018;2.089,50;2.089,50;2.089,50;2.089,50;0
18.10.2018;2.064,47;2.064,47;2.064,47;2.064,47;0
19.10.2018;2.062,33;2.062,33;2.062,33;2.062,33;0
22.10.2018;2.053,43;2.053,43;2.053,43;2.053,43;0
23.10.2018;2.033,89;2.033,89;2.033,89;2.033,89;0
24.10.2018;1.988,62;1.988,62;1.988,62;1.988,62;0
25.10.2018;2.006,26;2.006,26;2.006,26;2.006,26;0
26.10.2018;1.981,89;1.981,89;1.981,89;1.981,89;0
29.10.2018;1.975,70;1.975,70;1.975,70;1.975,70;0
30.10.2018;1.997,18;1.997,18;1.997,18;1.997,18;0
31.10.2018;2.021,98;2.021,98;2.021,98;2.021,98;0
01.11.2018;2.040,93;2.040,93;2.040,93;2.040,93;0
02.11.2018;2.036,70;2.036,70;2.036,70;2.036,70;0
05.11.2018;2.040,68;2.040,68;2.040,68;2.040,68;0
06.11.2018;2.050,64;2.050,64;2.050,64;2.050,64;0
07.11.2018;2.084,44;2.084,44;2.084,44;2.084,44;0
08.11.2018;2.082,46;2.082,46;2.082,46;2.082,46;0
09.11.2018;2.063,15;2.063,15;2.063,15;2.063,15;0
12.11.2018;2.028,61;2.028,61;2.028,61;2.028,61;0
13.11.2018;2.026,52;2.026,52;2.026,52;2.026,52;0
14.11.2018;2.015,14;2.015,14;2.015,14;2.015,14;0
15.11.2018;2.026,29;2.026,29;2.026,29;2.026,29;0
16.11.2018;2.031,75;2.031,75;2.031,75;2.031,75;0
19.11.2018;2.009,60;2.009,60;2.009,60;2.009,60;0
20.11.2018;1.976,90;1.976,90;1.976,90;1.976,90;0
21.11.2018;1.984,73;1.984,73;1.984,73;1.984,73;0
23.11.2018;1.975,09;1.975,09;1.975,09;1.975,09;0
26.11.2018;1.999,20;1.999,20;1.999,20;1.999,20;0
27.11.2018;2.000,07;2.000,07;2.000,07;2.000,07;0
28.11.2018;2.029,77;2.029,77;2.029,77;2.029,77;0
29.11.2018;2.034,88;2.034,88;2.034,88;2.034,88;0
30.11.2018;2.041,35;2.041,35;2.041,35;2.041,35;0
03.12.2018;2.066,61;2.066,61;2.066,61;2.066,61;0
04.12.2018;2.016,89;2.016,89;2.016,89;2.016,89;0
06.12.2018;1.990,84;1.990,84;1.990,84;1.990,84;0
07.12.2018;1.965,24;1.965,24;1.965,24;1.965,24;0
10.12.2018;1.952,83;1.952,83;1.952,83;1.952,83;0
11.12.2018;1.954,65;1.954,65;1.954,65;1.954,65;0
12.12.2018;1.975,88;1.975,88;1.975,88;1.975,88;0
13.12.2018;1.974,41;1.974,41;1.974,41;1.974,41;0
14.12.2018;1.942,54;1.942,54;1.942,54;1.942,54;0
17.12.2018;1.914,32;1.914,32;1.914,32;1.914,32;0
18.12.2018;1.908,15;1.908,15;1.908,15;1.908,15;0
19.12.2018;1.892,71;1.892,71;1.892,71;1.892,71;0
20.12.2018;1.862,82;1.862,82;1.862,82;1.862,82;0
21.12.2018;1.834,96;1.834,96;1.834,96;1.834,96;0
24.12.2018;1.802,95;1.802,95;1.802,95;1.802,95;0
26.12.2018;1.850,70;1.850,70;1.850,70;1.850,70;0
27.12.2018;1.862,38;1.862,38;1.862,38;1.862,38;0
28.12.2018;1.870,80;1.870,80;1.870,80;1.870,80;0
31.12.2018;1.883,90;1.883,90;1.883,90;1.883,90;0
02.01.2019;1.881,14;1.881,14;1.881,14;1.881,14;0
03.01.2019;1.853,17;1.853,17;1.853,17;1.853,17;0
04.01.2019;1.904,17;1.904,17;1.904,17;1.904,17;0
07.01.2019;1.919,75;1.919,75;1.919,75;1.919,75;0
08.01.2019;1.935,78;1.935,78;1.935,78;1.935,78;0
09.01.2019;1.950,98;1.950,98;1.950,98;1.950,98;0
10.01.2019;1.957,69;1.957,69;1.957,69;1.957,69;0
11.01.2019;1.957,16;1.957,16;1.957,16;1.957,16;0
14.01.2019;1.948,16;1.948,16;1.948,16;1.948,16;0
15.01.2019;1.963,61;1.963,61;1.963,61;1.963,61;0
16.01.2019;1.966,50;1.966,50;1.966,50;1.966,50;0
17.01.2019;1.975,60;1.975,60;1.975,60;1.975,60;0
18.01.2019;2.000,75;2.000,75;2.000,75;2.000,75;0
22.01.2019;1.978,83;1.978,83;1.978,83;1.978,83;0
23.01.2019;1.980,14;1.980,14;1.980,14;1.980,14;0
24.01.2019;1.983,23;1.983,23;1.983,23;1.983,23;0
25.01.2019;2.001,86;2.001,86;2.001,86;2.001,86;0
28.01.2019;1.989,18;1.989,18;1.989,18;1.989,18;0
29.01.2019;1.989,59;1.989,59;1.989,59;1.989,59;0
30.01.2019;2.010,95;2.010,95;2.010,95;2.010,95;0
31.01.2019;2.028,49;2.028,49;2.028,49;2.028,49;0
01.02.2019;2.029,54;2.029,54;2.029,54;2.029,54;0
04.02.2019;2.037,75;2.037,75;2.037,75;2.037,75;0
05.02.2019;2.051,35;2.051,35;2.051,35;2.051,35;0
06.02.2019;2.047,11;2.047,11;2.047,11;2.047,11;0
07.02.2019;2.026,93;2.026,93;2.026,93;2.026,93;0
08.02.2019;2.020,53;2.020,53;2.020,53;2.020,53;0
11.02.2019;2.021,59;2.021,59;2.021,59;2.021,59;0
12.02.2019;2.045,11;2.045,11;2.045,11;2.045,11;0
13.02.2019;2.052,76;2.052,76;2.052,76;2.052,76;0
14.02.2019;2.047,56;2.047,56;2.047,56;2.047,56;0
15.02.2019;2.066,58;2.066,58;2.066,58;2.066,58;0
19.02.2019;2.075,90;2.075,90;2.075,90;2.075,90;0
20.02.2019;2.083,63;2.083,63;2.083,63;2.083,63;0
21.02.2019;2.077,43;2.077,43;2.077,43;2.077,43;0
22.02.2019;2.086,96;2.086,96;2.086,96;2.086,96;0
25.02.2019;2.091,83;2.091,83;2.091,83;2.091,83;0
26.02.2019;2.091,69;2.091,69;2.091,69;2.091,69;0
27.02.2019;2.092,12;2.092,12;2.092,12;2.092,12;0
28.02.2019;2.085,84;2.085,84;2.085,84;2.085,84;0
01.03.2019;2.096,35;2.096,35;2.096,35;2.096,35;0
04.03.2019;2.090,40;2.090,40;2.090,40;2.090,40;0
05.03.2019;2.087,50;2.087,50;2.087,50;2.087,50;0
06.03.2019;2.078,68;2.078,68;2.078,68;2.078,68;0
07.03.2019;2.061,41;2.061,41;2.061,41;2.061,41;0
08.03.2019;2.051,12;2.051,12;2.051,12;2.051,12;0
11.03.2019;2.074,65;2.074,65;2.074,65;2.074,65;0
12.03.2019;2.083,38;2.083,38;2.083,38;2.083,38;0
13.03.2019;2.095,66;2.095,66;2.095,66;2.095,66;0
14.03.2019;2.096,32;2.096,32;2.096,32;2.096,32;0
15.03.2019;2.108,77;2.108,77;2.108,77;2.108,77;0
18.03.2019;2.117,98;2.117,98;2.117,98;2.117,98;0
19.03.2019;2.120,43;2.120,43;2.120,43;2.120,43;0
20.03.2019;2.112,04;2.112,04;2.112,04;2.112,04;0
21.03.2019;2.127,93;2.127,93;2.127,93;2.127,93;0
22.03.2019;2.094,81;2.094,81;2.094,81;2.094,81;0
25.03.2019;2.087,05;2.087,05;2.087,05;2.087,05;0
26.03.2019;2.102,62;2.102,62;2.102,62;2.102,62;0
27.03.2019;2.094,01;2.094,01;2.094,01;2.094,01;0
28.03.2019;2.095,17;2.095,17;2.095,17;2.095,17;0
29.03.2019;2.107,74;2.107,74;2.107,74;2.107,74;0
01.04.2019;2.131,79;2.131,79;2.131,79;2.131,79;0
02.04.2019;2.131,71;2.131,71;2.131,71;2.131,71;0
03.04.2019;2.143,02;2.143,02;2.143,02;2.143,02;0
04.04.2019;2.142,75;2.142,75;2.142,75;2.142,75;0
05.04.2019;2.149,84;2.149,84;2.149,84;2.149,84;0
08.04.2019;2.152,89;2.152,89;2.152,89;2.152,89;0
09.04.2019;2.143,19;2.143,19;2.143,19;2.143,19;0
10.04.2019;2.147,98;2.147,98;2.147,98;2.147,98;0
11.04.2019;2.147,61;2.147,61;2.147,61;2.147,61;0
12.04.2019;2.159,39;2.159,39;2.159,39;2.159,39;0
15.04.2019;2.161,14;2.161,14;2.161,14;2.161,14;0
16.04.2019;2.163,08;2.163,08;2.163,08;2.163,08;0
17.04.2019;2.160,93;2.160,93;2.160,93;2.160,93;0
18.04.2019;2.160,20;2.160,20;2.160,20;2.160,20;0
22.04.2019;2.161,57;2.161,57;2.161,57;2.161,57;0
23.04.2019;2.174,39;2.174,39;2.174,39;2.174,39;0
24.04.2019;2.168,80;2.168,80;2.168,80;2.168,80;0
25.04.2019;2.165,36;2.165,36;2.165,36;2.165,36;0
26.04.2019;2.173,81;2.173,81;2.173,81;2.173,81;0
29.04.2019;2.175,58;2.175,58;2.175,58;2.175,58;0
30.04.2019;2.178,67;2.178,67;2.178,67;2.178,67;0
01.05.2019;2.170,03;2.170,03;2.170,03;2.170,03;0
02.05.2019;2.161,11;2.161,11;2.161,11;2.161,11;0
03.05.2019;2.177,76;2.177,76;2.177,76;2.177,76;0
06.05.2019;2.166,65;2.166,65;2.166,65;2.166,65;0
07.05.2019;2.135,49;2.135,49;2.135,49;2.135,49;0
08.05.2019;2.131,89;2.131,89;2.131,89;2.131,89;0
09.05.2019;2.119,30;2.119,30;2.119,30;2.119,30;0
10.05.2019;2.126,32;2.126,32;2.126,32;2.126,32;0
13.05.2019;2.086,45;2.086,45;2.086,45;2.086,45;0
14.05.2019;2.098,75;2.098,75;2.098,75;2.098,75;0
15.05.2019;2.110,39;2.110,39;2.110,39;2.110,39;0
16.05.2019;2.126,05;2.126,05;2.126,05;2.126,05;0
17.05.2019;2.116,50;2.116,50;2.116,50;2.116,50;0
20.05.2019;2.104,64;2.104,64;2.104,64;2.104,64;0
21.05.2019;2.117,66;2.117,66;2.117,66;2.117,66;0
22.05.2019;2.111,78;2.111,78;2.111,78;2.111,78;0
23.05.2019;2.087,45;2.087,45;2.087,45;2.087,45;0
24.05.2019;2.095,02;2.095,02;2.095,02;2.095,02;0
28.05.2019;2.084,57;2.084,57;2.084,57;2.084,57;0
29.05.2019;2.064,80;2.064,80;2.064,80;2.064,80;0
30.05.2019;2.066,48;2.066,48;2.066,48;2.066,48;0
31.05.2019;2.046,24;2.046,24;2.046,24;2.046,24;0
03.06.2019;2.045,06;2.045,06;2.045,06;2.045,06;0
04.06.2019;2.077,66;2.077,66;2.077,66;2.077,66;0
05.06.2019;2.095,83;2.095,83;2.095,83;2.095,83;0
06.06.2019;2.104,18;2.104,18;2.104,18;2.104,18;0
07.06.2019;2.126,88;2.126,88;2.126,88;2.126,88;0
10.06.2019;2.135,50;2.135,50;2.135,50;2.135,50;0
11.06.2019;2.139,74;2.139,74;2.139,74;2.139,74;0
12.06.2019;2.134,41;2.134,41;2.134,41;2.134,41;0
13.06.2019;2.136,96;2.136,96;2.136,96;2.136,96;0
14.06.2019;2.130,95;2.130,95;2.130,95;2.130,95;0
17.06.2019;2.130,86;2.130,86;2.130,86;2.130,86;0
18.06.2019;2.150,91;2.150,91;2.150,91;2.150,91;0
19.06.2019;2.161,59;2.161,59;2.161,59;2.161,59;0
20.06.2019;2.183,35;2.183,35;2.183,35;2.183,35;0
21.06.2019;2.178,15;2.178,15;2.178,15;2.178,15;0
27.06.2019;2.166,48;2.166,48;2.166,48;2.166,48;0
28.06.2019;2.178,34;2.178,34;2.178,34;2.178,34;0
01.07.2019;2.192,23;2.192,23;2.192,23;2.192,23;0
02.07.2019;2.198,54;2.198,54;2.198,54;2.198,54;0
03.07.2019;2.213,34;2.213,34;2.213,34;2.213,34;0
05.07.2019;2.205,56;2.205,56;2.205,56;2.205,56;0
08.07.2019;2.194,61;2.194,61;2.194,61;2.194,61;0
09.07.2019;2.193,64;2.193,64;2.193,64;2.193,64;0
10.07.2019;2.201,13;2.201,13;2.201,13;2.201,13;0
11.07.2019;2.205,34;2.205,34;2.205,34;2.205,34;0
12.07.2019;2.212,64;2.212,64;2.212,64;2.212,64;0
15.07.2019;2.214,34;2.214,34;2.214,34;2.214,34;0
16.07.2019;2.208,08;2.208,08;2.208,08;2.208,08;0
17.07.2019;2.197,93;2.197,93;2.197,93;2.197,93;0
18.07.2019;2.198,39;2.198,39;2.198,39;2.198,39;0
19.07.2019;2.194,61;2.194,61;2.194,61;2.194,61;0
22.07.2019;2.197,67;2.197,67;2.197,67;2.197,67;0
23.07.2019;2.209,58;2.209,58;2.209,58;2.209,58;0
24.07.2019;2.217,75;2.217,75;2.217,75;2.217,75;0
25.07.2019;2.206,92;2.206,92;2.206,92;2.206,92;0
26.07.2019;2.215,70;2.215,70;2.215,70;2.215,70;0
29.07.2019;2.212,50;2.212,50;2.212,50;2.212,50;0
30.07.2019;2.203,40;2.203,40;2.203,40;2.203,40;0
31.07.2019;2.187,56;2.187,56;2.187,56;2.187,56;0
01.08.2019;2.173,17;2.173,17;2.173,17;2.173,17;0
02.08.2019;2.149,99;2.149,99;2.149,99;2.149,99;0
05.08.2019;2.097,31;2.097,31;2.097,31;2.097,31;0
06.08.2019;2.109,20;2.109,20;2.109,20;2.109,20;0
07.08.2019;2.114,05;2.114,05;2.114,05;2.114,05;0
08.08.2019;2.146,90;2.146,90;2.146,90;2.146,90;0
09.08.2019;2.135,34;2.135,34;2.135,34;2.135,34;0
12.08.2019;2.117,64;2.117,64;2.117,64;2.117,64;0
13.08.2019;2.134,53;2.134,53;2.134,53;2.134,53;0
14.08.2019;2.086,26;2.086,26;2.086,26;2.086,26;0
15.08.2019;2.082,83;2.082,83;2.082,83;2.082,83;0
16.08.2019;2.108,50;2.108,50;2.108,50;2.108,50;0
19.08.2019;2.131,81;2.131,81;2.131,81;2.131,81;0
20.08.2019;2.119,57;2.119,57;2.119,57;2.119,57;0
21.08.2019;2.135,52;2.135,52;2.135,52;2.135,52;0
22.08.2019;2.131,67;2.131,67;2.131,67;2.131,67;0
23.08.2019;2.094,63;2.094,63;2.094,63;2.094,63;0
26.08.2019;2.105,21;2.105,21;2.105,21;2.105,21;0
27.08.2019;2.104,84;2.104,84;2.104,84;2.104,84;0
28.08.2019;2.111,91;2.111,91;2.111,91;2.111,91;0
29.08.2019;2.133,07;2.133,07;2.133,07;2.133,07;0
30.08.2019;2.138,52;2.138,52;2.138,52;2.138,52;0
03.09.2019;2.126,92;2.126,92;2.126,92;2.126,92;0
04.09.2019;2.149,79;2.149,79;2.149,79;2.149,79;0
05.09.2019;2.174,26;2.174,26;2.174,26;2.174,26;0
06.09.2019;2.178,89;2.178,89;2.178,89;2.178,89;0
09.09.2019;2.178,40;2.178,40;2.178,40;2.178,40;0
10.09.2019;2.179,42;2.179,42;2.179,42;2.179,42;0
11.09.2019;2.194,42;2.194,42;2.194,42;2.194,42;0
12.09.2019;2.201,81;2.201,81;2.201,81;2.201,81;0
13.09.2019;2.205,80;2.205,80;2.205,80;2.205,80;0
16.09.2019;2.195,88;2.195,88;2.195,88;2.195,88;0
17.09.2019;2.201,76;2.201,76;2.201,76;2.201,76;0
18.09.2019;2.201,02;2.201,02;2.201,02;2.201,02;0
19.09.2019;2.204,67;2.204,67;2.204,67;2.204,67;0
20.09.2019;2.197,54;2.197,54;2.197,54;2.197,54;0
23.09.2019;2.193,74;2.193,74;2.193,74;2.193,74;0
24.09.2019;2.182,07;2.182,07;2.182,07;2.182,07;0
25.09.2019;2.184,56;2.184,56;2.184,56;2.184,56;0
26.09.2019;2.183,45;2.183,45;2.183,45;2.183,45;0
27.09.2019;2.175,54;2.175,54;2.175,54;2.175,54;0
30.09.2019;2.180,01;2.180,01;2.180,01;2.180,01;0
01.10.2019;2.158,47;2.158,47;2.158,47;2.158,47;0
02.10.2019;2.121,47;2.121,47;2.121,47;2.121,47;0
03.10.2019;2.131,35;2.131,35;2.131,35;2.131,35;0
04.10.2019;2.153,82;2.153,82;2.153,82;2.153,82;0
07.10.2019;2.151,82;2.151,82;2.151,82;2.151,82;0
08.10.2019;2.124,14;2.124,14;2.124,14;2.124,14;0
09.10.2019;2.137,61;2.137,61;2.137,61;2.137,61;0
10.10.2019;2.150,16;2.150,16;2.150,16;2.150,16;0
11.10.2019;2.179,32;2.179,32;2.179,32;2.179,32;0
14.10.2019;2.175,27;2.175,27;2.175,27;2.175,27;0
15.10.2019;2.196,61;2.196,61;2.196,61;2.196,61;0
16.10.2019;2.195,34;2.195,34;2.195,34;2.195,34;0
17.10.2019;2.201,91;2.201,91;2.201,91;2.201,91;0
18.10.2019;2.195,27;2.195,27;2.195,27;2.195,27;0
21.10.2019;2.209,34;2.209,34;2.209,34;2.209,34;0
22.10.2019;2.204,28;2.204,28;2.204,28;2.204,28;0
23.10.2019;2.208,28;2.208,28;2.208,28;2.208,28;0
24.10.2019;2.215,64;2.215,64;2.215,64;2.215,64;0
25.10.2019;2.222,75;2.222,75;2.222,75;2.222,75;0
28.10.2019;2.231,39;2.231,39;2.231,39;2.231,39;0
29.10.2019;2.232,44;2.232,44;2.232,44;2.232,44;0
30.10.2019;2.237,31;2.237,31;2.237,31;2.237,31;0
31.10.2019;2.233,52;2.233,52;2.233,52;2.233,52;0
01.11.2019;2.252,06;2.252,06;2.252,06;2.252,06;0
04.11.2019;2.261,44;2.261,44;2.261,44;2.261,44;0
05.11.2019;2.259,25;2.259,25;2.259,25;2.259,25;0
06.11.2019;2.261,37;2.261,37;2.261,37;2.261,37;0
07.11.2019;2.266,69;2.266,69;2.266,69;2.266,69;0
08.11.2019;2.268,82;2.268,82;2.268,82;2.268,82;0
11.11.2019;2.266,36;2.266,36;2.266,36;2.266,36;0
12.11.2019;2.270,01;2.270,01;2.270,01;2.270,01;0
13.11.2019;2.268,32;2.268,32;2.268,32;2.268,32;0
14.11.2019;2.265,28;2.265,28;2.265,28;2.265,28;0
15.11.2019;2.282,79;2.282,79;2.282,79;2.282,79;0
18.11.2019;2.285,75;2.285,75;2.285,75;2.285,75;0
19.11.2019;2.284,84;2.284,84;2.284,84;2.284,84;0
20.11.2019;2.274,91;2.274,91;2.274,91;2.274,91;0
21.11.2019;2.270,36;2.270,36;2.270,36;2.270,36;0
22.11.2019;2.273,88;2.273,88;2.273,88;2.273,88;0
25.11.2019;2.290,65;2.290,65;2.290,65;2.290,65;0
26.11.2019;2.294,77;2.294,77;2.294,77;2.294,77;0
27.11.2019;2.302,67;2.302,67;2.302,67;2.302,67;0
29.11.2019;2.292,25;2.292,25;2.292,25;2.292,25;0
02.12.2019;2.276,39;2.276,39;2.276,39;2.276,39;0
03.12.2019;2.263,09;2.263,09;2.263,09;2.263,09;0
04.12.2019;2.275,46;2.275,46;2.275,46;2.275,46;0
05.12.2019;2.278,62;2.278,62;2.278,62;2.278,62;0
06.12.2019;2.296,39;2.296,39;2.296,39;2.296,39;0
09.12.2019;2.292,58;2.292,58;2.292,58;2.292,58;0
10.12.2019;2.289,67;2.289,67;2.289,67;2.289,67;0
11.12.2019;2.295,02;2.295,02;2.295,02;2.295,02;0
12.12.2019;2.309,36;2.309,36;2.309,36;2.309,36;0
13.12.2019;2.319,73;2.319,73;2.319,73;2.319,73;0
16.12.2019;2.337,45;2.337,45;2.337,45;2.337,45;0
17.12.2019;2.336,61;2.336,61;2.336,61;2.336,61;0
18.12.2019;2.333,27;2.333,27;2.333,27;2.333,27;0
19.12.2019;2.340,65;2.340,65;2.340,65;2.340,65;0
20.12.2019;2.349,87;2.349,87;2.349,87;2.349,87;0
23.12.2019;2.350,74;2.350,74;2.350,74;2.350,74;0
24.12.2019;2.351,84;2.351,84;2.351,84;2.351,84;0
26.12.2019;2.360,21;2.360,21;2.360,21;2.360,21;0
27.12.2019;2.364,90;2.364,90;2.364,90;2.364,90;0
30.12.2019;2.353,25;2.353,25;2.353,25;2.353,25;0
31.12.2019;2.358,46;2.358,46;2.358,46;2.358,46;0
02.01.2020;2.375,93;2.375,93;2.375,93;2.375,93;0
03.01.2020;2.363,12;2.363,12;2.363,12;2.363,12;0
06.01.2020;2.364,49;2.364,49;2.364,49;2.364,49;0
07.01.2020;2.362,42;2.362,42;2.362,42;2.362,42;0