name;ticker;latest;dcf;div_yield;working_capital;current_ratio;quick_ratio;cash_ratio
L3Harris Technologies;LHX;177,17;Infinity;0,004797651972681605;2303000000,0;1,5744574706909453;0,5088550760788226;0,20553754053379894
Kellogg Co,;K;61,09;Infinity;0,009330495989523652;-1347000000,0;0,7180828798660528;0,4129342821264127;0,08308915864378401
First Republic Bank;FRC;81,66;Infinity;0,0023267205486162137;0;0;0;0
Host Hotels & Resorts;HST;10,28;2151562,735204486;0,06322957198443581;313000000,0;1,2484126984126984;1,2484126984126984;1,2484126984126984
PACCAR Inc,;PCAR;60,12;9766688,886344513;0,0053226879574184965;3440600000,0;1,9241968410873536;0,9698345331470936;0,9229343504888793
ConocoPhillips;COP;29,62;4558,17983252873;0,014179608372721133;9870000000,0;2,4013914525060343;1,059207723981258;0,7224194235411047
Garmin Ltd,;GRMN;71,41;6405,182544720504;0,007982075339588293;1744055000,0;2,8930103016021698;1,9228698607313692;1,3043688735532875
Alliance Data Systems;ADS;31,04;107,15787819253438;0,02029639175257732;12240700000,0;2,031056266846361;0,36434467654986524;0,3263477088948787
Goldman Sachs Group;GS;145,29;479,8543259866735;0,008603482689792828;97281000000,0;3,799775513728199;3,757180682668509;3,757180682668509
Citigroup Inc,;C;38,51;113,90882956549623;0,013243313425084394;443318000000,0;14,45303917700968;5,7121658119139385;5,708281491821685
TechnipFMC;FTI;6,56;18,14526785714286;0,019817073170731708;1748000000,0;1,1724137931034482;0,6618598595439122;0,5119348220626528
Comerica Inc,;CMA;27,17;53,84251461988304;0,025027603974972397;16548000000,0;286,3103448275862;78,63793103448276;78,63793103448276
JPMorgan Chase & Co,;JPM;84,36;166,0216871704745;0,010668563300142249;238340000000,0;1,8799802102293914;1,0293375965028226;1,0293375965028226
Ford Motor Company;F;4,4;8,581590795397698;0,03409090909090909;19080000000,0;1,1996463288304784;0,2920716968891586;0,1749312015402484
Bank of America Corp;BAC;19,77;37,09985571803964;0,009104704097116844;681126000000,0;178,14590377113134;63,2556566970091;46,13888166449935
Synchrony Financial;SYF;14,51;27,089997322265365;0,015161957270847692;15023000000,0;35,53563218390805;21,6;21,6
DXC Technology;DXC;11,96;22,26096293927442;0,017558528428093644;-387000000,0;0,9590606156775627;0,6485771712683804;0,3066751295884904
Prudential Financial;PRU;47,0;83,02299389957766;0,02340425531914894;13494000000,0;2,158681092220505;1,6032114030568436;1,3183067147518461
General Motors;GM;19,26;33,826037735849056;0,01973001038421599;-6944000000,0;0,9155611221226455;0,3330982404513783;0,25346255335189755
Franklin Resources;BEN;15,86;27,67360301407892;0,06620428751576293;5654000000,0;6,397098129056892;6,39327987781596;5,686903398243604
Discover Financial Services;DFS;31,53;53,1675;0,013954963526799872;16892000000,0;27,940988835725676;11,043062200956937;11,043062200956937
Charles Schwab Corporation;SCHW;32,96;55,1910606060606;0,005461165048543689;91454000000,0;906,4851485148515;298,34653465346537;290,54455445544556
Xerox;XRX;17,6;29,35113329816571;0,056818181818181816;2705000000,0;1,787481804949054;1,1574963609898108;0,7976710334788938
CenterPoint Energy;CNP;14,12;23,470999524825125;0,02053824362606232;3723000000,0;2,1274984857662025;1,641732283464567;1,2813446396123562
Gap Inc,;GPS;5,89;9,498465608465608;0,04074702886247878;1307000000,0;1,4072919912745403;0,5235275786849486;0,42505453412277966
Capital One Financial;COF;44,68;71,97455599254813;0,008952551477170995;51513000000,0;6,458620324255589;1,5682950090070997;1,3972660803221362
General Electric;GE;7,04;11,211710224667584;0,0014204545454545455;27543000000,0;1,641235769329267;1,2377016739226596;0,8472982096710358
H&R Block;HRB;12,98;20,585067626400416;0,020030816640986132;1070358000,0;2,159649881202729;1,853860396684294;1,7033025966385735
MetLife Inc,;MET;27,9;43,50410296873459;0,015770609318996417;22631000000,0;32,91960507757405;27,366713681241183;22,314527503526094
Marathon Oil Corp,;MRO;3,12;4,846092089728454;0,016025641025641028;1089000000,0;1,5944323144104804;1,387008733624454;0,7980349344978166
Devon Energy;DVN;6,79;10,440872817955112;0,013254786450662739;1924000000,0;1,998443175921121;1,1914893617021276;0,7597301504929943
L Brands Inc,;LB;10,23;15,661159420289856;0,029325513196480937;873000000,0;1,368043844856661;0,7609612141652614;0,6319561551433389
Arconic Inc,;ARNC;6,92;10,47939524838013;0,0028901734104046246;1716000000,0;1,4158991759573436;0,6337857489093554;0,3994183228308289
Hasbro Inc,;HAS;70,08;105,89323106273848;0,009703196347031965;5490439000,0;5,36760609093122;4,765771843046038;3,6436517267767736
Macy's Inc,;M;4,43;6,629743095696853;0,08577878103837472;1060000000,0;1,1843478260869564;0,1191304347826087;0,1191304347826087
SVB Financial;SIVB;140,01;206,4300513278286;0,0002142704092564817;10782049000,0;17,970518147763404;5,709298958038215;5,621460950042497
Everest Re Group Ltd,;RE;181,24;267,1133300346351;0,00855219598322666;-1316768000,0;0,6327163722161927;0,6310913369666511;0,0009681595178783165
Raymond James Financial Inc,;RJF;58,98;86,45916666666666;0,029331976941336046;26499000000,0;19,376560332871012;17,231622746185852;2,7441054091539527
Freeport-McMoRan Inc,;FCX;6,31;9,202318244170096;0,00792393026941363;7391000000,0;3,220186242114749;1,5157705016521479;1,2667467708020426
Lincoln National;LNC;23,85;34,53083582855726;0,016771488469601678;118664000000,0;7417,5;216,5;146,5625
Harley-Davidson;HOG;17,29;24,519652140489118;0,02197802197802198;886842000,0;1,2465093395597064;0,4197909717589504;0,334602512786302
United Airlines Holdings;UAL;25,65;36,27716429395922;0,08382066276803118;-6744000000,0;0,5485339402865176;0,21830231624046056;0,18489757665015397
Nordstrom;JWN;13,29;18,75444586803331;0,027840481565086533;-290000000,0;0,9176136363636364;0,24232954545454546;0,24232954545454546
U,S, Bancorp;USB;31,93;45,0270695970696;0,04948324459755715;73094000000,0;6,050020726820506;1,4821749343650683;1,4821749343650683
Wynn Resorts Ltd;WYNN;54,0;75,98349301303921;0,018518518518518517;873453000,0;1,4404962670534434;1,3394838023807747;1,186102666620942
National Oilwell Varco Inc,;NOV;9,35;13,125132275132275;0,005347593582887701;4938000000,0;3,1093549765057666;0,8509184109354977;0,6095685604442546
Halliburton Co,;HAL;6,6;9,192;0,027272727272727275;6334000000,0;2,2984829848298483;0,46494464944649444;0,46494464944649444
Omnicom Group;OMC;51,67;71,16162516976007;0,012579833559125217;-1396200000,0;0,9126332058895307;0,7593251944508758;0,26942787953119035
Principal Financial Group;PFG;27,4;37,709903047091416;0,020437956204379566;88312100000,0;1295,8988269794722;52,98680351906158;43,658357771260995
MGM Resorts International;MGM;11,77;16,185097271839968;0,012744265080713678;816270000,0;1,255769918309168;0,9219464170058309;0,729957764921792
American Express Co;AXP;77,84;106,67373493975903;0,0055241521068859194;60984000000,0;4,067605633802817;4,060663983903421;1,2038229376257545
Juniper Networks;JNPR;19,22;26,24313769751693;0,010405827263267432;2739300000,0;2,486729986431479;1,7604341926729987;1,3508819538670285
Kohl's Corp,;KSS;12,94;17,51594936708861;0,05409582689335394;1880000000,0;1,6789454676778621;0,2611050920910076;0,2611050920910076
Occidental Petroleum;OXY;10,74;14,485521927115503;0,07355679702048418;3732000000,0;1,2496488059401967;0,6309452137266707;0,20282293129975248
Under Armour Class C;UA;7,45;9,972174107809467;0,0;1277651000,0;1,9708763906967979;0,9194302028074959;0,42356591338602423
News Corp, Class B;NWS;8,59;11,384692974995748;0,011641443538998836;710000000,0;1,2125748502994012;0,954191616766467;0,49191616766467067
Huntington Bancshares;HBAN;7,45;9,865945966717451;0,020134228187919462;14422000000,0;8,104433497536945;1,3162561576354679;1,3162561576354679
News Corp, Class A;NWSA;8,64;11,434692974995748;0,011574074074074073;710000000,0;1,2125748502994012;0,954191616766467;0,49191616766467067
Expedia Group;EXPE;52,0;67,97891280602266;0,006538461538461539;-2863000000,0;0,644789081885856;0,5699751861042184;0,3031017369727047
Western Digital;WDC;38,67;50,50219178082192;0,012929919834497025;4660000000,0;2,2208540738800107;1,2205920880272465;0,9051611212994498
Live Nation Entertainment;LYV;38,88;50,63899799001056;0,0;85300000,0;1,0207663893189185;0,8435506971347495;0,601412650066377
Tapestry  Inc,;TPR;11,07;14,402874828060522;0,030713640469738034;1638800000,0;2,785185185185185;1,3805010893246188;1,0557734204793028
Invesco Ltd,;IVZ;8,01;10,391384790011351;0,03870162297128589;714400000,0;1,3537158984007527;0,9430113383175719;0,5193840669406348
Hewlett Packard Enterprise;HPE;9,58;12,327437774524158;0,012526096033402922;-4016000000,0;0,7903857195051934;0,3502270473406754;0,19588705047236285
Hess Corporation;HES;31,98;41,01420523138833;0,007817385866166354;2256000000,0;2,024058102587381;1,5728551974580118;1,2228778937812075
Northern Trust Corp,;NTRS;73,0;93,40907908948459;0,00958904109589041;55802800000,0;2549,0730593607304;209,2054794520548;209,2054794520548
E*Trade;ETFC;31,98;40,89584406253702;0,004377736085053158;25455000000,0;822,1290322580645;75,25806451612904;75,25806451612904
Whirlpool Corp,;WHR;80,6;102,89166666666667;0,01488833746898263;-1780000000,0;0,8160777020045464;0,38313701177929327;0,1547840462905559
Noble Energy Inc;NBL;5,89;7,3724016563146995;0,02037351443123939;24000000,0;1,0139049826187718;0,7717265353418308;0,4148319814600232
HollyFrontier Corp;HFC;21,73;27,018179944439467;0,016106764841233318;1620261000,0;1,9610499380756474;1,046810421322856;0,5250295386279841
Fox Corporation Class B;FOX;21,565;26,772729468599035;0,010665430095061441;4766000000,0;3,7838785046728973;3,037967289719626;1,889018691588785
Centene Corporation;CNC;56,12;69,52506792871374;0,0;27000000,0;1,0022554506724584;0,44624509230640713;0,44624509230640713
Regions Financial Corp,;RF;8,3;10,236936936936937;0,019277108433734938;22766000000,0;11,653252222742163;1,0748713149274685;0,9054749649040711
Fox Corporation Class A;FOXA;22,34;27,547729468599034;0,010295434198746643;4766000000,0;3,7838785046728973;3,037967289719626;1,889018691588785
NetApp;NTAP;40,01;48,98683397683398;0,011997000749812548;1743000000,0;1,4507370054305664;0,9156969226790794;0,6012412723041117
Helmerich & Payne;HP;14,24;17,42582442133021;0,04985955056179775;704848000,0;2,7181441017165646;1,9737737605975068;0,8481491231919033
The Mosaic Company;MOS;10,11;12,303840579710146;0,004945598417408507;1753300000,0;1,705922615452752;0,6246326045818739;0,3413053106252768
Parker-Hannifin;PH;116,09;140,52259593635125;0,007580325609440951;4521313000,0;2,4345300248463326;1,0287837988332282;1,0215732541651952
Under Armour Class A;UAA;8,26;9,994794419227162;0,0;1280200000,0;1,9002755960053699;1,0525854618360362;0,5541962111350913
Assurant;AIZ;102,12;123,17951742065449;0,006169212690951821;-3766100000,0;0,789087263807529;0,1586563770567086;0,07022770802298361
Flowserve Corporation;FLS;23,14;27,860638983476928;0,04105445116681072;1302170000,0;2,2046254538726613;1,3063364092601586;0,5732630264344689
HP Inc,;HPQ;14,84;17,81703412073491;0,012129380053908356;-5116000000,0;0,7977305973984897;0,4178231131143004;0,17937769343296564
People's United Financial;PBCT;10,32;12,336616314199397;0,01744186046511628;8632100000,0;76,12706701479547;8,329852045256745;6,971279373368146
State Street Corp,;STT;50,4;59,95439390558761;0,039285714285714285;51738000000,0;247,37142857142857;32,38095238095238;17,12857142857143
PulteGroup;PHM;20,8;24,696891510013515;0,005769230769230769;7474569000,0;8,732678060998055;1,1907334932719236;1,148421149550858
Wells Fargo;WFC;26,57;31,4863917385999;0,01919458035378246;105627000000,0;1,570417172944512;0,14766032131767248;0,11749426218442015
Delta Air Lines Inc,;DAL;23,87;28,283476263399695;0,016757436112274822;-11955000000,0;0,40828548802217385;0,1426450207879628;0,1426450207879628
AmerisourceBergen Corp;ABC;86,23;102,15803058912387;0,004870694653832773;-1449240000,0;0,9510082283756756;0,5328053938411214;0,11406512507532632
CenturyLink Inc;CTL;8,79;10,36731503647891;0,028441410693970423;-2490000000,0;0,656930283824745;0,5440892807936071;0,23284651419123725
PVH Corp,;PVH;32,63;38,47734799482536;0,001225865767698437;1344700000,0;1,7100163683404614;0,6493479064364539;0,23866096414805427
DuPont de Nemours Inc;DD;32,52;38,34250053984021;0,009225092250922507;24888000000,0;2,0069997976937084;1,0462472182884888;0,5454986850091038
The Bank of New York Mellon Corp,;BK;32,7;38,52242208389888;0,009480122324159021;90131000000,0;41,72797107998193;2,9530049706281067;2,64979665612291
Cardinal Health Inc,;CAH;47,71;56,11863787375415;0,04024313561098302;1638000000,0;1,0679414326600025;0,10925380563275125;0,10498154216267784
AFLAC Inc;AFL;31,9;37,498657458206935;0,008777429467084642;81619000000,0;15,541065383930162;0,7726705861393194;0,7726705861393194
Apache Corporation;APA;4,02;4,675172413793104;0,06218905472636817;106000000,0;1,0571428571428572;0,13315363881401618;0,13315363881401618
Seagate Technology;STX;47,86;55,64947368421053;0,013581278729628082;2131000000,0;1,9547491039426523;1,4377240143369177;0,9946236559139785
Hanesbrands Inc;HBI;7,39;8,577972730140877;0,02029769959404601;1487347000,0;1,7325959171369718;0,6422387084889387;0,21328590384791568
Electronic Arts;EA;97,53;112,91562091503268;0,0;4116000000,0;2,8172185430463577;2,35364238410596;2,078587196467991
Micron Technology;MU;39,89;46,14721784776903;0,0007520681875156681;10113000000,0;2,5826291079812207;1,1192488262910798;1,1192488262910798
BorgWarner;BWA;22,66;26,209522807725374;0,007502206531332745;1406000000,0;1,586077532305127;1,1367236348478533;0,30804501875781576
Best Buy Co, Inc,;BBY;53,9;62,214061917195075;0,010204081632653062;797000000,0;1,0988833746898263;0,27655086848635235;0,27655086848635235
Carnival Corp,;CCL;8,8;10,154156490957462;0,056818181818181816;-6979000000,0;0,24174272055627988;0,14558887440243373;0,10669274228596262
Valero Energy;VLO;41,0;47,23913043478261;0,023902439024390244;5809000000,0;1,4414133738601824;0,6225683890577508;0,19627659574468084
Ingersoll Rand;IR;23,79;27,40215513794482;0,022278268179907527;1416300000,0;1,328173876775494;0,20932872998586555;0,20932872998586555
Citizens Financial Group;CFG;17,3;19,904087591746244;0,02254335260115607;140597000000,0;504,93189964157705;431,0501792114695;4,211469534050179
Southwest Airlines;LUV;32,04;36,767272727272726;0,0056179775280898875;-2978000000,0;0,66733690795353;0,40594280607685435;0,2846291331546023
QUALCOMM Inc,;QCOM;65,9;75,60409836065574;0,009408194233687404;7830000000,0;1,8763290430889759;1,6015668718522664;1,3250139899272524
American International Group;AIG;21,61;24,766652909922737;0,014807959278111986;-22160000000,0;0,15696568515559614;0,109297725024728;0,109297725024728
Lennar Corp,;LEN;34,73;39,78066355549074;0,0037431615318168736;25238780000,0;11,405071192019534;0,6729351593384463;0,6424980304029109
Nucor Corp,;NUE;35,9;40,923207628075666;0,044568245125348196;5762596000,0;3,33893043761319;1,4996127891600448;0,6228676006809066
Maxim Integrated Products Inc;MXIM;46,02;52,32375533132217;0,010430247718383311;2168333000,0;6,841933684837284;5,704596583209176;4,734639663547675
Newmont Corporation;NEM;46,47;52,81953271028038;0,0030126963632451046;3490000000,0;2,952993844432009;2,043088975937325;1,9009513150531616
PNC Financial Services;PNC;87,35;99,28191489361703;0,01316542644533486;62895000000,0;11,307276302851523;0,9190429367420518;0,9190429367420518
Las Vegas Sands;LVS;40,3;45,78119325551232;0,0196029776674938;2081000000,0;1,6454714640198511;1,5725806451612903;1,3107940446650124
Advance Auto Parts;AAP;89,17;101,28670338284385;0,0028036335090277;2196504000,0;1,5652424760997954;0,39153849123123047;0,23070986502657007
Alexion Pharmaceuticals;ALXN;89,93;101,8761743772242;0,0;3882100000,0;4,250523319099054;3,289541991124508;2,2485975048145357
Bristol-Myers Squibb;BMY;54,82;62,031448598130844;0,008208682962422473;11050000000,0;1,6036931818181819;1,0282998251748252;0,6744973776223776
Caterpillar Inc,;CAT;111,35;125,9614537444934;0,009250112258643917;12572000000,0;1,4722587430975547;0,6333345854776304;0,3114834153487848
Corning Inc,;GLW;19,11;21,612656748140278;0,011512297226582941;3723000000,0;2,1244337058290546;1,297191180912111;0,7112654787073391
Activision Blizzard;ATVI;57,5;65,01491569390402;0,006434782608695652;4377000000,0;2,5015437392795885;2,2785591766723843;1,9876500857632933
Molson Coors Brewing Company;TAP;37,85;42,73411819021237;0,015059445178335533;-1534600000,0;0,6431909600316212;0,41709874677393105;0,245971773349764
Boeing Company;BA;130,7;147,45795053003533;0,015761285386381028;4917000000,0;1,050528197961197;0,13103214403156857;0,09746999342321605
Johnson Controls International;JCI;25,16;28,36828091044264;0,010333863275039747;3323000000,0;1,3663726571113561;0,9454244762954797;0,3092613009922823
Capri Holdings;CPRI;8,91;10,044457259487642;0,0;187000000,0;1,1212710765239948;0,11867704280155641;0,11154345006485085
W, R, Berkley Corporation;WRB;50,24;56,61439045625103;0,0021894904458598726;-2636425000,0;0,29375791748961233;0,21901815494264315;0,21901815494264315
Gilead Sciences;GILD;72,51;81,61806577916992;0,00937801682526548;20537000000,0;3,1044164361102573;1,5588687365508762;1,1918229326775285
Discovery Inc, Class C;DISCK;17,64;19,82284106891702;0,0;1978000000,0;1,610682309354739;0,4791602346403211;0,4791602346403211
Norwegian Cruise Line Holdings;NCLH;9,55;10,718152956324632;0,0;-2854245000,0;0,2037013271435307;0,09150371471854346;0,07054924268843513
Western Union Co;WU;17,6;19,742165492957746;0,013068181818181817;565100000,0;1,3490641793810612;0,6012724689604052;0,6012724689604052
D, R, Horton;DHI;32,68;36,63945945945946;0,005507955936352509;23384200000,0;35,68951194184839;2,2167334223408988;2,2167334223408988
AES Corp;AES;12,8;14,342728635682159;0,010937500000000001;135000000,0;1,02649136577708;0,4921507064364207;0,20192307692307693
IPG Photonics Corp,;IPGP;105,8;118,43154962016382;0,0;1704730000,0;9,883243705185926;4,7865026263131565;3,543803151575788
Interpublic Group;IPG;14,54;16,271105398457582;0,01788170563961486;59000000,0;1,0072625216952449;0,7139428107189897;0,08289122219623579
Dow Inc,;DOW;27,04;30,227878787878787;0,025887573964497042;6136000000,0;1,574585635359116;0,6752504916190655;0,22164996722539565
Zions Bancorp;ZION;25,32;28,293351218638165;0,013428120063191154;16222000000,0;1803,4444444444443;68,22222222222223;68,22222222222223
Booking Holdings Inc;BKNG;1271,63;1416,7034330828105;0,0;4467000000,0;1,8324636600819977;1,4893775624301155;1,1762951919493105
McKesson Corp,;MCK;133,06;148,19197969543148;0,0030813166992334283;839000000,0;1,0222984106734705;0,5715728485621645;0,07922713017594217
Oracle Corp,;ORCL;48,71;54,2067845659164;0,004927119687949086;27756000000,0;2,4898550724637682;1,3767042404723564;1,1011272141706925
Marathon Petroleum;MPC;20,87;23,16969879518072;0,02779108768567321;4023000000,0;1,249148448628228;0,582089552238806;0,09456865052331702
Ralph Lauren Corporation;RL;65,69;72,83932680538555;0,04110214644542548;2394700000,0;2,9954170485792853;0,8184317973502209;0,4867094408799267
Expeditors;EXPD;65,48;72,54330327365406;0,015271838729383017;1601605000,0;2,3708639257462436;2,1788434313260603;1,0532158196655363
Nielsen Holdings;NLSN;11,85;13,126242160169506;0,005063291139240506;-524000000,0;0,790483806477409;0,21551379448220712;0,18152738904438226
Albemarle Corp;ALB;54,84;60,60659361744152;0,007111597374179431;816113000,0;1,5792159807408963;0,8699534988034032;0,4351396313403303
Twitter  Inc,;TWTR;23,32;25,771764364826073;0,0;5594725000,0;4,689694924062412;1,7695208964387912;1,249376941801517
Archer-Daniels-Midland Co;ADM;33,87;37,39204585537919;0,01062887511071745;8812000000,0;1,7483016304347827;0,35920516304347827;0,1695822010869565
Keysight Technologies;KEYS;80,89;89,25649214659686;0,0;2212000000,0;3,205383848454636;2,259222333000997;1,5932203389830508
Raytheon Co,;RTN;122,43;135,01019525801954;0,007677856734460507;3848000000,0;1,4642857142857142;1,1102799227799227;0,43532818532818535
Lam Research;LRCX;223,33;246,2060216364944;0,005149330587023686;6188759000,0;3,6094739948980665;2,1561954757236523;1,5424784432778866
Coty  Inc;COTY;4,46;4,913141640042599;0,02914798206278027;-204400000,0;0,9412153806332864;0,43185413131632683;0,09789767334848005
Agilent Technologies Inc;A;68,92;75,92;0,009576320371445152;2677000000,0;3,286080273270709;2,5815542271562766;1,9188727583262168
EOG Resources;EOG;34,6;38,09182560604156;0,00838150289017341;786351000,0;1,17525141587185;0,8127884451663343;0,45196733309739184
DaVita Inc,;DVA;72,6;79,76700907601487;0,0;1318072000,0;1,5556566381321513;1,221690672139178;0,4647244759702171
TransDigm Group;TDG;272,54;298,6216848840309;0,22932413590665587;3326491000,0;3,161805380450182;1,647492519931685;0,9536833650039382
F5 Networks;FFIV;103,73;113,64165475717877;0,0;406060000,0;1,3673002715449478;0,8333119257258536;0,542021625904773
Honeywell Int'l Inc,;HON;129,71;142,04333333333332;0,006938555238609205;5438000000,0;1,2873599661805115;0,8874973578524625;0,4907524836186853
Waste Management Inc,;WM;88,43;96,7598245614035;0,0062196087300689816;3065000000,0;1,9748727735368956;1,7525445292620865;1,1326335877862594
Dish Network;DISH;18,7;20,38750855786639;0,053475935828877004;-1486927000,0;0,6886754804934202;0,3197568660162659;0,18578757873526108
Deere & Co,;DE;133,67;145,70056768558953;0,022742574998129726;-3009000000,0;0,8386768174994639;0,487186360711988;0,20678747587390092
LKQ Corporation;LKQ;19,13;20,829162939071097;0,0;2509307000,0;2,1518444699868535;0,24254491138905823;0,24254491138905823
Vornado Realty Trust;VNO;33,66;36,64455747817449;0,019607843137254905;117730000,0;1,1734624417641806;0,9492151240743415;0,8411830748512611
International Business Machines;IBM;105,14;114,29308867415537;0,015408027392048699;719000000,0;1,019071112172091;0,4255059547492109;0,21675817617569826
Packaging Corporation of America;PKG;83,9;91,12104144527099;0,009415971394517282;1754600000,0;3,424150317767339;2,1070737772865433;0,9387952473058856
United Technologies;UTX;91,37;98,96412418219973;0,008098938382401225;4135000000,0;1,1318222392246875;0,30725580209130327;0,1961234378984953
Morgan Stanley;MS;31,62;34,237682926829265;0,011068943706514863;183821000000,0;244,47152317880796;162,05695364238412;5,686092715231788
Schlumberger Ltd,;SLB;12,59;13,618715003589376;0,03971405877680699;2245000000,0;1,1664689307429927;0,10625834198428;0,10625834198428
FleetCor Technologies Inc;FLT;173,22;187,33673143110914;0,0;155503000,0;1,034842175830617;0,6364355192437131;0,28489236552075836
Leggett & Platt;LEG;24,42;26,402988165680473;0,01638001638001638;708900000,0;1,869069510849577;0,9971803359078092;0,32867475787667033
CBRE Group;CBRE;35,74;38,59379069296053;0,0;1098013000,0;1,1705929245790887;0,8449462289078251;0,1509808743980184
Darden Restaurants;DRI;46,02;49,666730462519936;0,01912212081703607;-581500000,0;0,6055220134319246;0,31022318702937385;0,31022318702937385
Stryker Corp,;SYK;144,67;156,08616214793363;0,01479228589203014;6960000000,0;2,581818181818182;1,643181818181818;0,9856818181818182
Kraft Heinz Co;KHC;23,68;25,541928104575163;0,016891891891891893;222000000,0;1,028190476190476;0,5399365079365079;0,2893968253968254
Xilinx;XLNX;76,69;82,71295327452678;0,004824618594340853;3416942000,0;8,193016950294293;3,9568685320691483;3,2513114795510236
KeyCorp;KEY;9,45;10,180353782574079;0,020105820105820106;1299000000,0;2,842553191489362;1,0382978723404255;1,0382978723404255
FedEx Corporation;FDX;113,48;122,23094339622641;0,005727881565033486;4073000000,0;1,451902807056474;0,25729501830689006;0,25729501830689006
Applied Materials Inc,;AMAT;43,3;46,611111111111114;0,004849884526558892;5759000000,0;2,295030357544412;1,2732178997076682;0,7036204182595008
BlackRock;BLK;409,54;440,20819461044294;0,008863603066855496;11670000000,0;7,38752052545156;4,383141762452107;2,6431308155446085
Qorvo;QRVO;74,58;80,16305066113885;0,0;1249227000,0;3,867738410611229;2,5003948449774342;1,6322592937784368
M&T Bank Corp,;MTB;95,86;103,00216656006901;0,011475067807218861;10678181000,0;95,86488335317425;11,491373642970096;8,531742506352055
NVR Inc;NVR;2410,0;2588,94623655914;7,053941908713694e-05;1776660000,0;7,170801003077308;2,608032259633085;2,5432872316038817
Wabtec Corporation;WAB;46,12;49,5277834179357;0,0026019080659150044;934100000,0;1,2867096378146101;0,5383977900552486;0,18545119705340699
The Hershey Company;HSY;131,66;141,36069620879664;0,005848397387209479;-179385000,0;0,9258300166296888;0,4887784745175447;0,2431184429120396
Discovery Inc, Class A;DISCA;19,455;20,88813953488372;0,0;234000000,0;1,0585439079309482;0,24668501376032023;0,24668501376032023
Incyte;INCY;74,18;79,57791777772626;0,0;1406977000,0;4,308377833741303;3,4602811814417427;2,736992595414283
Phillips 66;PSX;49,51;53,06594331641286;0,01817814582912543;2749000000,0;1,2360467113171905;0,7719388631289713;0,13858835651725915
CIGNA Corp,;CI;173,07;185,3572214493016;0,00023112035592534814;-10293000000,0;0,7435597189695551;0,12339927250984105;0,11507798096566844
Fortune Brands Home & Security;FBHS;39,38;42,12522292993631;0,006094464195022854;488900000,0;1,3469098133825304;0,7185836940324984;0,27524302845384235
Anthem;ANTM;214,3;229,190234670704;0,004433037797480168;12356000000,0;1,5625312997951286;0,38238106077851125;0,17910311859776917
Sealed Air;SEE;24,52;26,210721649484537;0,0065252854812398045;127800000,0;1,0889848210555633;0,570185210973402;0,18270435872441165
Cisco Systems;CSCO;38,33;40,96867055917359;0,009131228802504566;16043000000,0;1,5058968213925328;0,5439581231079718;0,3705221997981836
Hologic;HOLX;32,7;34,93374521645207;0,0;723000000,0;1,6756377908606672;1,1685823754789273;0,5623773479114101
NRG Energy;NRG;26,84;28,66792207792208;0,011177347242921014;1202000000,0;1,5012510425354462;0,6597164303586321;0,2347789824854045
FLIR Systems;FLIR;30,68;32,762832614884694;0,005541069100391135;695679000,0;2,684228492573628;1,4604447349626564;0,6889929912481388
PayPal;PYPL;91,38;97,56602693602693;0,0;11576000000,0;1,430030833240462;0,28916378765927414;0,27300419777852075
Alaska Air Group Inc;ALK;26,35;28,128113911931063;0,014421252371916509;-1164000000,0;0,6363636363636364;0,06904092471102781;0,06904092471102781
Xylem Inc,;XYL;59,77;63,76567319366873;0,004350008365400703;949000000,0;1,6322451698867422;1,17255163224517;0,4823451032644903
CVS Health;CVS;58,34;62,22793103448276;0,008570449091532395;1234000000,0;1,0280397191483561;0,4928537344634052;0,09223113454066213
Newell Brands;NWL;12,39;13,212363765038925;0,018563357546408393;1131900000,0;1,3800873069173942;0,7354264607118872;0,1170584284754869
Costco Wholesale Corp,;COST;286,78;305,7087980077801;0,0022665457842248418;248000000,0;1,0106726341610364;0,36080389034729093;0,36080389034729093
Amcor plc;AMCR;7,86;8,368193951681027;0,015267175572519083;668300000,0;1,1471443040204323;0,5429345193535603;0,13245849663129156
Mylan N,V,;MYL;14,26;15,18081316553727;0,008415147265077139;1188200000,0;1,2133558384658203;0,634644736133307;0,08539979529906089
Fortive Corp;FTV;54,97;58,51470588235294;0,0012734218664726216;221600000,0;1,0639132441162897;0,7469139363174896;0,34760036917397324
AbbVie Inc,;ABBV;73,42;78,13474773609315;0,016071915009534185;-294000000,0;0,9829456464992169;0,7351354486919195;0,4228203492081907
Fortinet;FTNT;100,47;106,8557634902411;0,0;964500000,0;1,7676695319961795;1,2391754218401783;0,8853868194842407
Global Payments Inc,;GPN;133,11;141,5378576235098;0,00150251671549846;787102000,0;1,2199010657254146;0,7189874910109277;0,46887699596518473
Cincinnati Financial;CINF;73,57;78,21566929133857;0,008155498165012914;19468000000,0;7,898653437278526;0,9014883061658399;0,2717930545712261
A,O, Smith Corp;AOS;35,61;37,85340464078962;0,006739679865206402;733900000,0;1,9574690150032616;0,48793215916503585;0,48793215916503585
IDEX Corporation;IEX;133,2;141,47400790017528;0,003753753753753754;903568000,0;3,5248004202561214;2,6006113832406106;1,7675933351402857
Philip Morris International;PM;71,12;75,52938303341902;0,016451068616422947;1681000000,0;1,0892582169595921;0,5278500504433706;0,3643073328731482
Take-Two Interactive;TTWO;116,33;123,50482074341568;0,0;876041000,0;1,4488388631177265;0,6262207999409773;0,42346938252704946
T, Rowe Price Group;TROW;93,87;99,64237748076144;0,009587727708533077;1791700000,0;7,337813937035727;6,985496993279094;5,041386628935267
Cummins Inc,;CMI;130,39;138,39499605134984;0,010046782728736868;3434000000,0;1,537907268170426;0,7734962406015038;0,20410401002506265
Varian Medical Systems;VAR;94,44;100,22237214363439;0,0;511400000,0;1,271443736730361;0,8692675159235669;0,28205944798301485
Accenture plc;ACN;154,68;164,10295767752575;0,00517196793379881;4388705000,0;1,3967407576422703;1,2289205214006713;0,5538700598884676
Robert Half International;RHI;38,17;40,444460946366014;0,008907518993974326;654074000,0;1,7981028289178267;1,3068675445618008;0,3374824290818219
Rockwell Automation Inc,;ROK;143,68;152,21646269907797;0,007099109131403118;1048900000,0;1,5415634035522512;0,5258157786038827;0,5258157786038827
Skyworks Solutions;SWKS;82,45;87,3285100286533;0,005336567616737417;1860600000,0;5,974866310160428;2,27620320855615;2,27620320855615
Amphenol Corp;APH;69,52;73,61245041586692;0,003596087456846951;2120300000,0;1,8649696079631215;1,2528454289560642;0,5218863460204789
TJX Companies Inc,;TJX;44,62;47,24266789181415;0,005154639175257733;1740375000,0;1,2434006825218764;0,5039004946262695;0,44987984331170655
Perrigo;PRGO;45,11;47,7056043956044;0,00509864774994458;1421100000,0;2,06385686480012;1,1959125617607427;0,2652343165144483
Motorola Solutions Inc,;MSI;126,09;133,33418604651163;0,005075739551114284;1176000000,0;1,37984496124031;0,8200904392764858;0,4024547803617571
Autodesk Inc,;ADSK;139,22;147,1961797752809;0,00014365752047119668;-559900000,0;0,8260748011928429;0,7539140159045725;0,5512860337972167
Ameriprise Financial;AMP;94,31;99,67764705882352;0,010285229562082493;32623000000,0;27,28767123287671;0,5922643029814666;0,5882352941176471
Lilly (Eli) & Co,;LLY;136,42;144,15769502170428;0,005424424571177248;8661500000,0;1,7285857285857287;1,1141141141141142;0,6727904374963198
Humana Inc,;HUM;298,75;315,678823797172;0,007364016736401674;6871000000,0;1,681849756872085;0,24471568919321227;0,2325096754986603
Pioneer Natural Resources;PXD;67,77;71,54844311377245;0,017706949977866312;-305000000,0;0,8778044871794872;0,6662660256410257;0,25280448717948717
Tiffany & Co,;TIF;129,34;136,53325657894737;0,004484304932735426;2905100000,0;3,9937139323990105;1,1487015663643858;0,9013808738664468
American Airlines Group;AAL;10,69;11,280559635785766;0,009354536950420956;-9459000000,0;0,47728779840848806;0,015196728558797524;0,015196728558797524
Masco Corp,;MAS;33,2;35,02084690553746;0,004216867469879518;1082000000,0;1,6425178147268409;0,3319477434679335;0,3319477434679335
Celanese;CE;68,05;71,76434790583261;0,00911094783247612;1011000000,0;1,5763968072976056;0,7485746864310148;0,26396807297605474
Broadcom Inc,;AVGO;223,63;235,69443914081145;0,01453293386397174;3018000000,0;1,437454703580229;1,2051021887230033;0,7327148862153935
United Parcel Service;UPS;90,39;95,24632183908047;0,011173802411771214;2123000000,0;1,1507063249804785;0,9358273585575353;0,29992191382125366
Air Products & Chemicals Inc;APD;189,28;199,42756317689532;0,024513947590870666;2797400000,0;2,5362732714591685;1,9270141138997199;1,2349387665440168
Chevron Corp,;CVX;68,56;72,20696569920844;0,01881563593932322;1799000000,0;1,0678100263852244;0,7627591405955522;0,26049754994346025
Intl Flavors & Fragrances;IFF;100,73;106,08556496950762;0,007445646778516827;1390354000,0;1,895736990961158;0,9607399867284289;0,390946340332047
Biogen Inc,;BIIB;293,27;308,8180256136606;0,0;3518000000,0;1,7233027673835273;0,985690201077347;0,5990583494387105
Amgen Inc,;AMGN;197,81;208,2536090225564;0,008088569839745211;24130000000,0;2,788997627520759;0,7803232502965599;0,5149021352313167
Emerson Electric Company;EMR;45,7;48,10734772800516;0,010940919037199124;1163000000,0;1,194611780455154;0,7494979919678715;0,25
Est√©e Lauder Companies;EL;153,38;161,44425485961122;0,0031294823314643367;2607000000,0;1,5661237785016286;1,0462540716612378;0,648642779587405
PepsiCo Inc,;PEP;118,12;124,24;0,008127328140873687;-245000000,0;0,9889330562833137;0,7165507272563014;0,39393802511518655
Johnson & Johnson;JNJ;128,81;135,4457606186096;0,0073752037885257355;14803000000,0;1,4739993595901377;1,031219980787704;0,5797950688440602
Merck & Co,;MRK;73,8;77,55038759689923;0,008265582655826558;5263000000,0;1,2368586858685868;0,7405040504050405;0,43546354635463547
CF Industries Holdings Inc;CF;25,85;27,145126353790612;0,011605415860735008;309000000,0;1,4646616541353383;0,43157894736842106;0,43157894736842106
S&P Global  Inc,;SPGI;234,33;245,93793843661402;0,002859215636068792;1619000000,0;1,5234400258648562;1,4364694471387003;0,9266084707403816
KLA Corporation;KLAC;131,61;138,08340218797193;0,006458475799711268;2546589000,0;2,4399825613547406;1,134364083176231;0,5744993174953039
Boston Properties;BXP;85,25;89,41411097409012;0,04492668621700879;416951000,0;2,1043509123222437;2,007021530751974;1,7082369892438942
Intercontinental Exchange;ICE;79,31;83,18256637168142;0,0037826251418484427;-837000000,0;0,9878371308997907;0,04615205766100907;0,0317949314112997
Moody's Corp;MCO;197,55;207,1115866388309;0,0028347253859782335;1767000000,0;1,924163179916318;1,7003138075313808;0,9581589958158996
Dentsply Sirona;XRAY;37,31;39,11436720142603;0,010184937014205307;1004400000,0;2,0089402310396784;1,1922651933701658;0,4067302862882973
SL Green Realty;SLG;39,73;41,64850927658787;0,08658444500377549;-319013000,0;0,38052119540944135;0,3224848049400936;0,3224848049400936
ANSYS;ANSS;211,25;221,3994791969741;0,0;860340000,0;2,237649969790258;1,8781439709986478;1,2545587939120177
United Health Group Inc,;UNH;237,32;248,69163561076604;0,004550817461655149;-19148000000,0;0,6900715418730374;0,36915282768443886;0,17780259622543784
Alphabet Inc Class A;GOOGL;1102,1;1154,6192070729726;0,0;107357000000,0;3,374051878552;0,9691072731695451;0,40905773866124145
International Paper;IP;30,15;31,572018348623853;0,01691542288557214;2302000000,0;1,4904132935662548;0,8755858542820623;0,12547933532168726
Cognizant Technology Solutions;CTSH;42,51;44,49801369863014;0,005175252881674901;5900000000,0;3,124594886568239;1,590925459128556;0,4180770615772416
Ross Stores;ROST;81,09;84,83105021844942;0,0035762732766062397;730894000,0;1,270507717805098;0,5000862345268241;0,5000862345268241
TE Connectivity Ltd,;TEL;59,12;61,84647058823529;0,007780784844384304;2014000000,0;1,5689265536723165;0,9172316384180791;0,261864406779661
PPG Industries;PPG;79,89;83,56563162184189;0,006383777694329703;1588000000,0;1,3631374342556597;0,7790990166933456;0,20626572147267322
Vertex Pharmaceuticals Inc;VRTX;225,48;235,70487412466;0,0;2722817000,0;3,4304529533371655;2,731271846982751;2,365574332406194
Royal Caribbean Cruises Ltd;RCL;25,77;26,931044157576334;0,030267753201396973;-6790268000,0;0,14618926237687505;0,030647703679263505;0,030647703679263505
Align Technology;ALGN;157,2;164,07172284644196;0,0;662449000,0;1,6822548585435184;1,133625137748849;0,5668815720362113
Willis Towers Watson;WLTW;156,19;163,0130769230769;0,016646392214610412;967000000,0;1,0601742377100187;0,21829495955196018;0,055196017423771004
Apple Inc,;AAPL;240,91;251,41654206693048;0,0031962143539080987;57101000000,0;1,540125617208044;0,6788815528103067;0,46202160464632325
Northrop Grumman;NOC;306,99;320,19588235294117;0,004299814326199551;1251000000,0;1,1326054695781216;0,3785244859020564;0,2379690481238075
IQVIA Holdings Inc,;IQV;100,04;104,31953890489913;0,0;340000000,0;1,0962082625919638;0,933786078098472;0,25212224108658743
Baxter International Inc,;BAX;78,66;82,01531135531135;0,0027968471904398677;3083000000,0;2,0870944992947815;1,2849083215796897;0,6459802538787024
Alphabet Inc Class C;GOOG;1105,62;1152,3774135459594;0,0;101056000000,0;3,919006354708261;1,084315424610052;0,4824090121317158
Arthur J, Gallagher & Co,;AJG;77,0;80,2516129032258;0,005844155844155844;196500000,0;1,0220266786234726;0,13016477973321378;0,06779509023652057
Ulta Beauty;ULTA;161,5;168,2520006884089;0,006191950464396285;918056000,0;1,80725180939116;0,4443773241146931;0,3449735812623487
Arista Networks;ANET;192,77;200,8095576666172;0,0;2108298000,0;4,4761485497210245;1,6186653344413227;1,0716334929365676
Exelon Corp,;EXC;33,48;34,8721568627451;0,011350059737156512;1956000000,0;1,1715187653454928;0,5222728867064188;0,11829182742897229
Facebook  Inc,;FB;159,6;166,2338664812239;0,0;51172000000,0;4,399455258088088;1,8997542018202351;1,2674549923603269
Kimco Realty;KIM;8,3;8,640740758319707;0,13493975903614458;-177226000,0;0,4647502786091589;0,43363665741492985;0,43363665741492985
Old Dominion Freight Line;ODFL;122,33;127,34914032986354;0,0012261914493582932;500749000,0;2,367848996817679;2,188426185175574;1,1023969843069232
C, H, Robinson Worldwide;CHRW;66,57;69,26659200170933;0,007661108607480848;1319751000,0;1,9207631496878232;0,37552596309415254;0,2641519043509383
Grainger (W,W,) Inc,;GWW;236,52;246,0421238938053;0,0060882800608828;2056000000,0;2,369753497668221;1,2811459027315124;0,35842771485676217
eBay Inc,;EBAY;28,78;29,919018691588786;0,005559416261292564;640000000,0;1,1574028529267093;0,411952779144122;0,2397934087555337
Cadence Design Systems;CDNS;65,24;67,75398320945403;0,0;496952000,0;1,7390818734932503;1,3153953577605888;1,048809398103187
Medtronic plc;MDT;84,11;87,34609576427256;0,025205088574485793;13495000000,0;2,592894239848914;1,2529508970727101;0,5185316336166195
PPL Corp,;PPL;22,9;23,776352454563032;0,018340611353711792;-2131000000,0;0,5329826868288406;0,28139381985535833;0,13609467455621302
Amazon,com Inc,;AMZN;1907,7;1979,3111111111111;0,0;8522000000,0;1,0970482394205803;0,6480663235093154;0,4110144399398715
Synopsys Inc,;SNPS;125,96;130,68531941111615;0,0;-13536000,0;0,9922759697407006;0,7318267594052451;0,41575836841273345
MSCI Inc;MSCI;271,28;281,3598876266708;0,0025066352108522563;626081000,0;1,773887279235805;1,7028373019797085;1,117635425113225
Equinix;EQIX;595,46;617,538401965068;0,004467134652201659;714753000,0;1,3312318715321594;1,185761561322475;0,8664020839135756
Consolidated Edison;ED;77,61;80,47033876637903;0,009921401881200876;-2343000000,0;0,6225229579507008;0,34831641694860643;0,14419204124375704
Intuit Inc,;INTU;218,12;226,1351515151515;0,0024298551256189253;1628000000,0;1,8280773143438453;1,1205493387589014;1,0762970498474058
Charter Communications;CHTR;424,03;439,59394987040764;0,0;-5914000000,0;0,522486879289463;0,46104158255954786;0,28122729107791683
Salesforce,com;CRM;134,06;138,9364705882353;0,0;1118000000,0;1,0753115527113506;0,6951162007409902;0,27921859211855843
Quanta Services Inc,;PWR;30,79;31,90701709436469;0,005521273140630075;1567937000,0;1,692842709106166;1,2870728826463766;0,07282122481660804
Genuine Parts;GPC;62,74;65,00531332984698;0,012591648071405802;1674957000,0;1,283855751480367;0,4791240342513379;0,05652636714794586
Laboratory Corp, of America Holding;LH;116,17;120,3298440545809;0,001721614874752518;956500000,0;1,509074458459737;1,0084091755814573;0,22715418595987014
Coca-Cola Company;KO;42,12;43,622086230876214;0,0097340930674264;-6562000000,0;0,7567196826456086;0,38746153560968377;0,24024024024024024
Simon Property Group Inc;SPG;47,04;48,70114293752338;0,044642857142857144;-204265000,0;0,7307697377092395;0,6779161724001581;0,6779161724001581
Allegion;ALLE;84,59;87,5555172413793;0,003782953067738503;410800000,0;1,7887864823348694;0,5449308755760369;0,5449308755760369
Aptiv PLC;APTV;45,92;47,52068378724892;0,004790940766550522;1265000000,0;1,312037493833251;0,7353231376418352;0,10162802170695609
Nike;NKE;79,23;81,98951557093426;0,0031553704404897135;8659000000,0;2,1008136282735825;1,1108568522756166;0,5677599796592931
Starbucks Corp,;SBUX;62,62;64,79855984430749;0,006547428936442031;-514800000,0;0,9165464360400084;0,5780472384781234;0,43552126055732976
Automatic Data Processing;ADP;129,72;134,1742961608775;0,007015109466543324;1714600000,0;1,0525504402700772;0,1345022787386178;0,05974064981595393
The Walt Disney Company;DIS;94,92;98,17210084033613;0,018541930046354824;-3217000000,0;0,8973549025238505;0,17287259500335025;0,17287259500335025
Loews Corp,;L;32,63;33,737631448821496;0,0018387986515476552;641000000,0;1,1340723697971136;0,16607404308722024;0,07027818448023426
Dover Corp,;DOV;79,98;82,68254843801023;0,006126531632908227;798539000,0;1,4563364232400762;0,9225963217137525;0,22701585413034298
FMC Corporation;FMC;76,97;79,53890047120498;0,021307002728335717;1350900000,0;1,495943316568156;0,9888028194867653;0,12449062006681597
Unum Group;UNM;13,1;13,527158947662123;0,022137404580152672;50866700000,0;82,32166266986411;1,2543565147881695;0,15027977617905675
Illinois Tool Works;ITW;137,27;141,73158409967368;0,030159539593501858;2236000000,0;1,6312817617165443;0,4469226425748165;0,4246188594014681
Eastman Chemical;EMN;45,51;46,98292418772563;0,014502307185234016;1532000000,0;1,8563443264393515;0,6618222470653997;0,11403018446059252
Chubb Limited;CB;104,17;107,51920656043627;0,007199769607372564;91238000000,0;4,052459016393443;0,3979257276681164;0,051421880227500834
Ball Corp;BLL;64,17;66,21642925059818;0,0023375409069658717;-155000000,0;0,9621489621489622;0,48864468864468863;0,17606837606837608
Huntington Ingalls Industries;HII;173,14;178,61945205479452;0,005948943051865543;-84000000,0;0,9540732640787315;0,2689994532531438;0,13121924548933844
Avery Dennison Corp;AVY;95,93;98,91470588235295;0,006046075263212759;86800000,0;1,0385127340491613;0,650412636436241;0,112565445026178
Dollar Tree;DLTR;72,94;75,20269408308855;0,0;722900000,0;1,2038347666713662;0,18398420978429436;0,15203721979416326
Linde plc;LIN;160,87;165,82258359777683;0,005967551439050164;-1808000000,0;0,8513157894736842;0,5774671052631579;0,22203947368421054
Paychex Inc,;PAYX;60,605;62,46680210060807;0,010230179028132993;832700000,0;1,1718679050567595;0,22582043343653252;0,1390299277605779
Entergy Corp,;ETR;85,58;88,20285363825587;0,010867025005842487;-2485480000,0;0,5434077505389872;0,2930774510135309;0,08835696009805377
Netflix Inc,;NFLX;364,08;375,1885121689374;0,0;-677192000,0;0,9012219911734709;0,7320098499116647;0,7320098499116647
Citrix Systems;CTXS;139,14;143,38004001809034;0,0025154520626706916;-824239000,0;0,7168672753629163;0,4490289027666138;0,2125510968211766
Textron Inc,;TXT;24,86;25,61630938210383;0,0008045052292839904;3219000000,0;1,8369734789391576;0,28523140925637025;0,045761830473218926
Altria Group Inc;MO;37,61;38,74269127875869;0,02233448550917309;-3350000000,0;0,5901639344262295;0,2589919256178126;0,2589919256178126
Diamondback Energy;FANG;25,07;25,820718675805498;0,015157558835261268;-394000000,0;0,6880443388756928;0,43705463182897863;0,09738717339667459
Illumina Inc;ILMN;256,46;264,1378523489933;0,0;2686000000,0;2,488913525498891;0,9190687361419069;0,6341463414634146
Apartment Investment & Management;AIV;32,32;33,285919537122155;0,012685643564356435;-1627000,0;0,9941909454441588;0,6576763781776636;0,5102185089974293
FirstEnergy Corp;FE;38,86;40,016826568265685;0,010036026762738034;-2418000000,0;0,5026737967914439;0,35335252982311804;0,12895927601809956
Zimmer Biomet Holdings;ZBH;89,63;92,29732186732187;0,010710699542563875;2006100000,0;1,8285218684177922;0,751084128360798;0,22417709494899435
Zoetis;ZTS;111,92;115,2102168421312;0,0017869907076483204;3176000000,0;3,5968928863450533;2,1569910057236306;1,3098937040065413
Walmart;WMT;114,14;117,45241283124129;0,004731032065884003;-15984000000,0;0,7945237177015041;0,159403522303638;0,12212366628101298
Cabot Oil & Gas;COG;16,64;17,11957724379628;0,006009615384615385;240214000,0;1,7322838486254473;1,2480413615661792;0,6103025905851223
Yum! Brands Inc;YUM;67,65;69,58290734824281;0,0069475240206947515;-14000000,0;0,990914990266061;0,7715768981181051;0,3926022063595068
Regeneron Pharmaceuticals;REGN;496,65;510,7669284467714;0,0;5592500000,0;3,6674139082323762;1,7732519316989412;0,7716302585137842
Abbott Laboratories;ABT;76,57;78,73732172936552;0,004701580253362936;4804000000,0;1,4422351100064439;0,8547362607014637;0,3553346221117555
Mastercard Inc,;MA;228,61;234,99204393505252;0,0017497047373255764;4578000000,0;1,394893470197533;0,7727076684205987;0,5763822996635901
Mohawk Industries;MHK;66,92;68,78517491420348;0,0;1716874000,0;1,6329295730305764;0,5995676445660834;0,04968880214909553
V,F, Corp,;VFC;48,68;50,03584625064919;0,009860312243221035;2011853000,0;1,7558799130148588;0,8460338202076643;0,2040164502307631
Cboe Global Markets;CBOE;88,18;90,631871657754;0,0040825584032660464;87800000,0;1,147340157744588;0,9437825138446048;0,46165464004027523
Monster Beverage;MNST;53,1;54,55983410414776;0,00018832391713747646;1655212000,0;3,5037354578828825;2,0243428725285395;1,2070195447869223
Weyerhaeuser;WY;16,12;16,56131617925893;0,02109181141439206;-337000000,0;0,8261990716864364;0,17225373904074265;0,17225373904074265
Microchip Technology;MCHP;62,79;64,50508603441376;0,00589265806657111;-159700000,0;0,9327437355232681;0,5513581806696146;0,1805011581385555
Teleflex;TFX;279,8;287,43148223328564;0,0012151536812008577;653713000,0;2,122338854780447;1,2420629197741975;0,613198250168253
AT&T;T;28,05;28,81461945342345;0,018538324420677363;-12993000000,0;0,7983079788885439;0,49171064886681154;0,08078236572493015
Southern Co,;SO;50,14;51,50195121951219;0,012365376944555246;-4703000000,0;0,6707965840683187;0,21853562928741424;0,09771804563908722
Waters Corporation;WAT;182,31;187,2349625913212;0,00021940650540288518;721157000,0;2,2195425935258246;1,5616369090902942;0,5677248390926278
Hormel Foods Corp,;HRL;46,35;47,58415536872377;0,004962243797195253;1256364000,0;2,1369305795489613;1,1287255135292644;0,608933178528735
Akamai Technologies Inc;AKAM;91,6;93,99252489776573;0,0;1538277000,0;3,2186602166914744;1,3639678308929581;0,5678992580797766
CME Group Inc,;CME;166,2;170,53062843520664;0,005114320096269555;1045300000,0;1,0271347913557012;0,053039132974235834;0,040272567979752094
Iron Mountain Incorporated;IRM;22,22;22,79730160803572;0,027902790279027905;-254564000,0;0,8259603275635512;0,6921372988449953;0,11313836674920932
Walgreens Boots Alliance;WBA;43,03;44,13774228478614;0,010690216128282594;-7069000000,0;0,7256781404012573;0,32011331444759206;0,039698862974892314
Marsh & McLennan;MMC;82,02;84,10610567514676;0,005608388198000488;1010000000,0;1,2051177904142973;1,1159626320064988;0,2164906580016247
Texas Instruments;TXN;96,89;99,35262626262626;0,00928888430178553;5623000000,0;3,272837510105093;1,473322554567502;0,9854486661277284
Comcast Corp,;CMCSA;32,42;33,241982758620686;0,006477483035163479;-5755000000,0;0,7915081694018766;0,5404485019744231;0,13817338695069376
Broadridge Financial Solutions;BR;91,32;93,6196632996633;0,005913272010512485;239700000,0;1,2986543732868179;1,1677049588836281;0,34039372040867183
Federal Realty Investment Trust;FRT;69,41;71,1144110959527;0,015127503241607838;-128071000,0;0,4987495254458852;0,4987495254458852;0,4987495254458852
Leidos Holdings;LDOS;87,15;89,28725490196078;0,0039013195639701665;780000000,0;1,3788246721709567;1,0704225352112675;0,1588149587178242
General Dynamics;GD;127,4;130,50140422781223;0,008006279434850863;2979000000,0;1,1773108743527172;0,26462710552943275;0,05368728051901672
PerkinElmer;PKI;70,83;72,55085452148411;0,0009882818014965412;611547000,0;1,8016797931916857;1,2021795100362858;0,25153244751137865
Tyson Foods;TSN;55,34;56,6624043715847;0,007589447054571738;1656000000,0;1,3003809178305823;0,48195175040812627;0,08779249047705423
Snap-on;SNA;104,26;106,71898778359511;0,010358718588145022;1264900000,0;2,3286764705882352;0,8755252100840336;0,14800420168067227
Sysco Corp,;SYY;41,87;42,85104416925819;0,010747551946501076;2038322000,0;1,3339768773113965;0,76929628359497;0,08412987124914983
Advanced Micro Devices Inc;AMD;43,66;44,67315789473684;0,0;1556000000,0;1,784274193548387;1,1658266129032258;0,5433467741935484
Cerner;CERN;60,71;62,08545099382072;0,008894745511447867;1069176000,0;2,0406132475804126;1,539190304521494;0,4300392817933365
Visa Inc,;V;153,11;156,559823943662;0,0019593756123048784;7555000000,0;1,563175549757734;0,699217294073798;0,5842713380544167
WestRock;WRK;26,71;27,295102277113084;0,01759640584050917;1539200000,0;1,4480801141160373;0,6826002154231318;0,04413263078221886
AMETEK Inc,;AME;69,81;71,33108614940356;0,002578427159432746;577440000,0;1,458757579224345;0,2923443478371404;0,2812217963873953
Thermo Fisher Scientific;TMO;275,2;281,1528535980149;0,0007994186046511628;5696000000,0;1,9191544295626917;1,0889139906406327;0,3871228013554946
Nasdaq  Inc,;NDAQ;92,27;94,25837922902883;0,00509374661320039;63000000,0;1,014904187366927;0,07854270167967826;0,07854270167967826
Aon plc;AON;153,68;156,96345802161264;0,0028630921395106715;905000000,0;1,0581208657119003;0,25059405304733157;0,0507353413396699
Intuitive Surgical Inc,;ISRG;458,26;468,03071129707115;0,0;3632400000,0;4,525917297612114;1,7596583187730537;1,1333721607454863
Hilton Worldwide Holdings Inc;HLT;63,04;64,36131147540983;0,002379441624365482;-632000000,0;0,7583173996175908;0,5938814531548757;0,15411089866156788
UDR  Inc,;UDR;32,98;33,66730123978136;0,010309278350515465;147832000,0;2,8561832176085784;2,8561832176085784;2,3255778913401053
T-Mobile US;TMUS;85,13;86,89967882359618;0,008105250792904969;-3201000000,0;0,7440428594274748;0,27314888853350394;0,12218135295058372
Analog Devices  Inc,;ADI;84,09;85,82873001654728;0,007373052681650612;476494000,0;1,3158450834928597;0,8507429247159015;0,42974164673691134
Stanley Black & Decker;SWK;92,13;94,0338135621163;0,007489417127971344;567800000,0;1,141893242702919;0,47393542582966813;0,07214614154338264
Church & Dwight;CHD;63,8;65,06326286398085;0,003761755485893417;-248100000,0;0,8129382492648722;0,4991329261856292;0,2387845887054211
MarketAxess;MKTX;333,99;340,49698718795406;0,0017964609718853857;505368000,0;14,094470643105145;7,873166813494326;6,382391045240193
Fiserv Inc;FISV;88,01;89,71876387294297;0,0;1319000000,0;1,0838685063902842;0,23367457239142875;0,056781331468175746
Edwards Lifesciences;EW;172,63;175,9731647940075;0,0;1410300000,0;2,608829568788501;1,3358430298882045;0,8146246862879306
Exxon Mobil Corp,;XOM;37,53;38,25341920374707;0,023181454836131096;-13937000000,0;0,7821969400990795;0,3780180968603979;0,048273922080357565
Vulcan Materials;VMC;107,12;109,15612850020617;0,0031740104555638537;843763000,0;2,5754691791628623;1,500478935251315;0,507109341011235
LyondellBasell;LYB;45,03;45,883470437018;0,023317788141239176;5053000000,0;1,9165608561581715;0,6687828768365681;0,06022129512062398
STERIS plc;STE;137,7;140,28146908784572;0,0026870007262164127;588539000,0;2,2651420046604014;1,6884560486332643;0,47427965846653886
Fidelity National Information Services;FIS;114,56;116,67746987951807;0,003055167597765363;608000000,0;1,19456;0,696;0,22496
Gartner Inc;IT;93,29;94,98740127222597;0,012863115017686782;-809196000,0;0,6912567461611981;0,5385429245669962;0,05966115145930746
Mondelez International;MDLZ;48,68;49,56545953360768;0,022596548890714874;-7692000000,0;0,49797676543532177;0,22862550580864116;0,08425792977418092
CSX Corp,;CSX;54,85;55,84651567944251;0,004740200546946217;650000000,0;1,3394255874673628;0,9754569190600523;0,44804177545691903
ABIOMED Inc;ABMD;144,48;147,1022833741414;0,0;571199000,0;6,388771486254457;1,9984339327157117;1,1417290892280987
Intel Corp,;INTC;51,88;52,817625754527164;0,006360832690824981;8929000000,0;1,4002241147467502;0,531286418646347;0,18798744957418198
Adobe Inc,;ADBE;301,21;306,6013180571717;3,319942896982172e-05;-1696013000,0;0,7929403201440421;0,5103470445021071;0,32355525093707216
Williams Cos,;WMB;13,33;13,56805385618417;0,03000750187546887;-2388000000,0;0,39818548387096775;0,07283266129032258;0,07283266129032258
Conagra Brands;CAG;29,76;30,29096947935368;0,007056451612903225;591200000,0;1,275926444506674;0,11042658452347615;0,11042658452347615
Pentair plc;PNR;27,36;27,844154929577464;0,006944444444444445;312900000,0;1,4177570093457943;0,16488651535380508;0,11014686248331108
HCA Healthcare;HCA;83,73;85,14287858532013;0,005135554759345515;2644000000,0;1,3493195930770248;0,9632712379442463;0,06632316025895098
Verisign Inc,;VRSN;175,46;178,37384384604724;0,01567308788327824;369444000,0;1,389877478656381;0,3835456262729662;0,37718316993636486
Allstate Corp;ALL;86,4;87,8127972819932;0,00625;-4954000000,0;0,6614732813994807;0,45462621292879596;0,03409867432007654
American Tower Corp,;AMT;206,97;210,33954569940744;0,02063100932502295;-2933900000,0;0,46536800481075863;0,35778194872168667;0,2735572279825792
Kroger Co,;KR;30,5;30,995652173913044;0,005245901639344262;-3353000000,0;0,7645861124763041;0,02801376114582602;0,02801376114582602
Equifax Inc,;EFX;113,47;115,31184514003294;0,00343703181457654;75500000,0;1,091315916787615;0,8378084179970973;0,27044025157232704
NiSource Inc,;NI;23,06;23,43049251833845;0,009106678230702516;-1891900000,0;0,4949276523039137;0,26595119867585026;0,03718831758235891
Lockheed Martin Corp,;LMT;338,52;343,85474277660325;0,007089684509039348;3123000000,0;1,2235184655024334;0,7592327512167192;0,10835957629544804
Colgate-Palmolive;CL;65,55;66,57543258622692;0,006559877955758963;141000000,0;1,034918276374443;0,5752847944526993;0,21867261020307083
Norfolk Southern Corp,;NSC;140,01;142,19373493975903;0,0067138061567030925;-219000000,0;0,9047826086956522;0,6521739130434783;0,25217391304347825
Procter & Gamble;PG;109,33;110,99922622563497;0,006859965242842769;-7538000000,0;0,7488254306754191;0,30622105228083035;0,14124820899003698
Allergan  plc;AGN;174,9;177,51246290801186;0,004230989136649514;747500000,0;1,1305015799856841;0,6544283245168386;0,15370380069484454
The Travelers Companies Inc,;TRV;95,2;96,58250555967383;0,00861344537815126;65971000000,0;5,65043000140984;0,5554067390384887;0,02629352883124207
Chipotle Mexican Grill;CMG;619,36;628,2990243902439;0,0;364804000,0;1,8106935709682437;0,6939376430587346;0,5554634547434387
Welltower Inc,;WELL;40,6;41,17395336442372;0,02142857142857143;144708000,0;3,0477160808286636;3,0477160808286636;3,0477160808286636
General Mills;GIS;53,12;53,86331020812686;0,009224397590361446;-2900600000,0;0,5907211694487167;0,3045674535423516;0,06349564702064314
Fifth Third Bancorp;FITB;13,455;13,63005764188621;0,06986250464511333;93562000000,0;45,63835877862596;45,42270992366412;0,05725190839694656
Alexandria Real Estate Equities;ARE;131,24;132,92569371867336;0,030478512648582746;-1069996000,0;0,3721668188336576;0,11757071070981794;0,1112976362872506
Mettler Toledo;MTD;656,24;664,5599006088501;0,0;355135000,0;1,4706817121530207;1,0258829548105266;0,2753899209025171
Verizon Communications;VZ;52,92;53,58432720232333;0,011715797430083144;-3294000000,0;0,9131558133403638;0,7341682045873978;0,07237015554969681
Ventas Inc;VTR;22,95;23,237556165953833;0,13769063180827887;-1381577000,0;0,1992250623080044;0,061648988581695936;0,061648988581695936
Quest Diagnostics;DGX;78,77;79,74122302158274;0,006728449917481275;-95000000,0;0,936026936026936;0,7723905723905724;0,09090909090909091
Kimberly-Clark;KMB;125,66;127,20176201372998;0,008515040585707465;-1495000000,0;0,7712668298653611;0,4135556915544676;0,08246634026927785
Kansas City Southern;KSU;122,13;123,6217741886974;0,0032751985589126345;237300000,0;1,4830042743741094;0,8609810706289436;0,30286993690209646
Eaton Corporation;ETN;73,14;74,01927756653993;0,009980858627290128;3596000000,0;1,700701480904131;0,09177708495713172;0,0720966484801247
Copart Inc;CPRT;64,79;65,56486660594794;0,0;405163000,0;2,436727847831946;1,9630359853051729;0,6606963021801109
Roper Technologies;ROP;293,66;297,15042145593867;0,001736702308792481;162500000,0;1,1122082585278277;0,7355337660544123;0,2516227040464024
CDW;CDW;88,83;89,87194857916103;0,0042778340650681075;842700000,0;1,2413644956178038;0,9039926676977716;0,04410838059231254
ServiceNow;NOW;273,07;276,2536753526954;0,0;332120000,0;1,1650225855161527;0,5669429133750676;0,28133339759601267
Lowe's Cos,;LOW;80,42;81,34030848329049;0,006839094752549117;136000000,0;1,0089579765511791;0,04716111184297194;0,04716111184297194
Home Depot;HD;178,63;180,57439380127622;0,008397245703409282;1435000000,0;1,078095238095238;0,23069387755102042;0,11608163265306122
Henry Schein;HSIC;48,57;49,09183049568335;0,0;956393000,0;1,2971246979101394;0,5231470967529476;0,024918704857390596
Public Storage;PSA;196,62;198,69242809686915;0,010171905197843556;361218000,0;0;0;0
Globe Life Inc,;GL;66,02;66,70173952079008;0,002574977279612239;-1479932000,0;0,1953738394229478;0,17455861780621645;0,041284111872097705
Essex Property Trust  Inc,;ESS;200,32;202,3547252615488;0,03893769968051118;282619000,0;3,12039524031031;1,5482496286181595;1,0088456402022719
Fastenal Co;FAST;30,61;30,914469577890685;0,008167265599477296;1912500000,0;4,511107031393427;1,6829447402239766;0,32109418028272446
Hartford Financial Svc,Gp,;HIG;33,46;33,79232628398792;0,00986252241482367;34059000000,0;6,965843405149764;0,720966894377299;0,02119460500963391
Marriott Int'l,;MAR;69,15;69,82064083457526;0,0069414316702819945;-3550000000,0;0,4683240976486446;0,392391792721282;0,03369776845888872
Microsoft Corp,;MSFT;152,11;153,5747233329034;0,003352836762868976;106132000000,0;2,5288389513108616;0,588879285508499;0,16358398156150966
AutoZone Inc;AZO;776,86;783,7742677857087;0,0;-483456000,0;0,9122925193677012;0,0880411078018505;0,03198394235561101
CMS Energy;CMS;55,71;56,20469964664311;0,007359540477472625;-373000000,0;0,8620562130177515;0,37943786982248523;0,051775147928994084
Becton Dickinson;BDX;225,4;227,35068692566645;0,0035048802129547473;1009000000,0;1,1784261715296198;0,5094606542882405;0,09478337754199823
Union Pacific Corp;UNP;136,49;137,66688712646933;0,007106747747087698;-892000000,0;0,7949896575499885;0,5575729717306367;0,1909905768788784
Danaher Corp,;DHR;128,7;129,8092649957758;0,0052836052836052845;2252300000,0;1,4652070639264692;0,8834865227718682;0,16271816585768872
Tractor Supply Company;TSCO;84,0;84,69894145183889;0,004166666666666667;856292000,0;1,9127871340902478;0,09199270445695427;0,09199270445695427
Jack Henry & Associates;JKHY;147,08;148,2904929732246;0,0029235790046233338;99486000,0;1,2116894557432303;0,2448580949098012;0,19922461816061723
Rollins Inc,;ROL;35,16;35,44788586679369;0,0034129692832764505;-100248000,0;0,7555135537210238;0,5293255453802724;0,22992183594083432
JM Smucker;SJM;109,6;110,49566755083997;0,008029197080291971;-716300000,0;0,6940849882553919;0,2584240871236387;0,04326286568439035
Duke Energy;DUK;77,57;78,19429378531073;0,012247002707232177;-5327000000,0;0,6458347184362742;0,17379163619440197;0,029386343993085567
Prologis;PLD;73,26;73,84257078912101;0,007917007917007916;-370606000,0;0,5489232634252796;0,5489232634252796;0,41851843286842916
Universal Health Services  Inc,;UHS;87,92;88,60809523809523;0,002274795268425842;352544000,0;1,2254997153621296;1,0375626043405677;0,03918919783291437
McDonald's Corp,;MCD;158,17;159,3446633546869;0,007902889296326737;-63100000,0;0,9825738746202707;0,8623860811930406;0,24813587406793702
Pfizer Inc,;PFE;31,75;31,979955947136563;0,011968503937007874;-4501000000,0;0,8793426978340124;0,2688451640574737;0,034982843662877974
ResMed;RMD;142,29;143,3082996041084;0,0027408812987560617;589375000,0;2,060044137405102;1,2151491660836236;0,2646229885016124
Regency Centers Corporation;REG;35,535;35,785041152263375;0,016884761502743775;-849722000,0;0,08978609402265139;0,04555986293049796;0,04555986293049796
United Rentals  Inc,;URI;95,98;96,64915454896409;0,0;-356000000,0;0,83803457688808;0,7197452229299363;0,023657870791628753
Public Serv, Enterprise Inc,;PEG;42,79;43,079940828402364;0,011451273662070577;-1816000000,0;0,6401822865068357;0,2892807608480285;0,02912621359223301
Target Corp,;TGT;95,27;95,9022730799069;0,006927679227458802;-1585000000,0;0,8905915648512459;0,02250293366466487;0,02250293366466487
The Cooper Companies;COO;273,05;274,83;0,00010986998718183481;52800000,0;1,0475418692598595;0,4720871600936431;0,0801368629569602
Kinder Morgan;KMI;12,73;12,811713780918728;0,019638648860958365;-1862000000,0;0,6349019607843137;0,30490196078431375;0,03627450980392157
American Water Works Company Inc;AWK;112,8;113,52222222222223;0,004432624113475178;-1313000000,0;0,3729703915950334;0,20582617000955108;0,06208213944603629
American Electric Power;AEP;74,57;75,04411863436975;0,009387153010594073;-4534900000,0;0,47566136342614;0,24981500323744335;0,027067338821570624
NextEra Energy;NEE;218,23;219,56752620545075;0,006415249965632589;-11170000000,0;0,3640038717758925;0,16739736946990832;0,03632636793258555
Dollar General;DG;153,16;154,09128155843953;0,0020893183598850876;634308000,0;1,139605947759026;0,052892445571314124;0,052892445571314124
Verisk Analytics;VRSK;140,78;141,60888766317828;0,001917886063361273;-680100000,0;0,4865619809753888;0,37437717046655594;0,10531481201872263
Cintas Corporation;CTAS;162,69;163,57264304306133;0,01567398119122257;1108547000,0;1,9829871077639831;0,8927334750335407;0,0856984765010867
Progressive Corp,;PGR;72,36;72,74521798365123;0,0013819789939192924;-9014700000,0;0,5139537391491885;0,41696770367175284;0,012196042486655524
McCormick & Co,;MKC;138,62;139,34522522522522;0,016808541336026547;-521800000,0;0,7393215766598391;0,307088974371784;0,04825897986711295
Nvidia Corporation;NVDA;243,07;244,3212;0,0006582465956308883;9228000000,0;7,943566591422122;1,6598946576373212;0,5884123401053424
Extra Space Storage;EXR;94,0;94,48188949467489;0,009574468085106383;-203636000,0;0,244062335271102;0,244062335271102;0,244062335271102
Carmax Inc;KMX;52,36;52,62686907279798;0,0;1902504000,0;2,450622145940287;0,14242220221134586;0,035789308346339976
Boston Scientific;BSX;30,19;30,34383524741245;0,0;-167000000,0;0,9656802301685162;0,4202630497328401;0,04459515002055076
Xcel Energy Inc;XEL;58,08;58,36767123287671;0,007403581267217631;-1366000000,0;0,6937219730941704;0,2257847533632287;0,03295964125560538
The Clorox Company;CLX;174,66;175,51521449704143;0,006068933928775908;-135000000,0;0,90625;0,07708333333333334;0,07708333333333334
IHS Markit Ltd,;INFO;58,3;58,57248289345063;0,0029159519725557464;-661400000,0;0,6641275644931952;0,5089376396506196;0,05662197846841357
Zebra Technologies;ZBRA;176,46;177,27031588102;0,0;-139000000,0;0,8931591083781706;0,4335126825518832;0,033820138355111454
Digital Realty Trust Inc;DLR;134,48;135,0930443321388;0,008328375966686497;-2216713000,0;0,05406644069995344;0,05406644069995344;0,05406644069995344
IDEXX Laboratories;IDXX;230,66;231,69180187795573;0,0;-45698000,0;0,9369975611336524;0,4958219420765796;0,12452970136639935
DTE Energy Co,;DTE;88,08;88,47226519337016;0,011466848319709356;-1178000000,0;0,7345651194231636;0,4191077061739522;0,015998197386210004
Ecolab Inc,;ECL;146,7;147,33726495726495;0,003203817314246762;1197800000,0;1,3299179199030464;0,8215997355808957;0,051341376081088526
Paycom;PAYC;187,44;188,22040389067817;0,0;35940000,0;1,0349379108412513;0,04776208779778396;0,044443277903180964
Sherwin-Williams;SHW;424,98;426,71146568184724;0,003153089557155631;109800000,0;1,02428182843495;0,4977332537207811;0,03578141931488976
Edison Int'l;EIX;51,27;51,46941348973607;0,04817632143553735;-1963000000,0;0,6445772225239906;0,10066992576498279;0,012312149194278471
Sempra Energy;SRE;103,71;104,09293391198902;0,010124385305177902;-5811000000,0;0,3649180327868852;0,14961748633879782;0,01180327868852459
SBA Communications;SBAC;260,47;261,41433836415473;0,0018044304526432984;-714022000,0;0,31887172765629457;0,22933378358913015;0,10331939639013138
J, B, Hunt Transport Services;JBHT;90,5;90,82315547471539;0,002983425414364641;445533000,0;1,4301483153530816;1,0106809839288025;0,033791416207907966
Constellation Brands;STZ;136,88;137,35869402450749;0,005479251899473992;520200000,0;1,1644225298691446;0,1294013528035906;0,029584676654655792
Crown Castle International Corp,;CCI;137,59;138,0588995215311;0,008721564067156042;-716000000,0;0,6270833333333333;0,4125;0,10208333333333333
Mid-America Apartments;MAA;98,74;99,04095049017886;0,0101276078590237;-6879000,0;0,8327823423598619;0,8327823423598619;0,8327823423598619
Republic Services Inc;RSG;72,71;72,92468833648513;0,02173016091321689;-1154200000,0;0,5754432428455822;0,43154564849554916;0,025932465239461487
Dominion Energy;D;69,93;70,13521696130549;0,01344201344201344;-3851000000,0;0,612536472482141;0,2458999899386256;0,01670188147700976
ONEOK;OKE;19,2;19,250447232358635;0,04895833333333333;-549964000,0;0,7277807531364184;0,011017186573465895;0,010373717144698456
Campbell Soup;CPB;45,98;46,08264900662252;0,007612005219660722;-1418000000,0;0,5810930576070901;0,16425406203840473;0,009158050221565732
Atmos Energy Corp;ATO;94,64;94,84900554226509;0,0061284868977176665;-751409000,0;0,37871328879481414;0,21094142743749172;0,020298650615160736
Equity Residential;EQR;57,7;57,82364508268286;0,010398613518197573;-451758000,0;0,09503605769230769;0,09503605769230769;0,09503605769230769
AvalonBay Communities  Inc,;AVB;138,02;138,30434878024926;0,04405158672656136;497496000,0;0;0;0
Alliant Energy Corp;LNT;44,97;45,05946917808219;0,008450077829664221;-859000000,0;0,47752569795024635;0,22583784441335686;0,012712122133690164
Evergy;EVRG;51,75;51,84670696123385;0,009855072463768115;-868200000,0;0,6283231302709876;0,050130570657990495;0,009931932017637741
O'Reilly Automotive;ORLY;287,25;287,7694374453643;0,0;-635765000,0;0,8577524590959871;0,05712611482411504;0,009040532488840292
Martin Marietta Materials;MLM;186,12;186,4549282296651;0,0029550827423167852;588200000,0;1,7014907573047109;0,7092426952892069;0,025044722719141325
Duke Realty Corp;DRE;30,18;30,229273734712923;0,007952286282306162;1994000,0;1,0661118663174298;1,0661118663174298;0,5935148038858128
Lamb Weston Holdings Inc;LW;51,0;51,082824168363885;0,0045098039215686276;408700000,0;1,739327062228654;0,6373010130246021;0,02206946454413893
Wec Energy Group Inc;WEC;83,52;83,63840858856962;0,007543103448275862;-1089100000,0;0,6578062651208094;0,3814371445627926;0,01178244886417193
Ameren Corp;AEE;67,73;67,79475111290975;0,007382253063635021;-1074000000,0;0,5712574850299401;0,1632734530938124;0,006387225548902195
Realty Income Corporation;O;46,47;46,50582663240444;0,009898859479233916;-230387000,0;0,4027788938861742;0,4027788938861742;0,02692571902583179
Pinnacle West Capital;PNW;70,84;70,89123056419369;0,01101072840203275;-723973000,0;0,5609528164350465;0,1659545023420766;0,003496740984036037
Eversource Energy;ES;75,99;76,0376866352408;0,007500986971969996;-1191024000,0;0,6696704509115498;0,2786757574337212;0,0042711776219136926
Concho Resources;CXO;41,64;41,64;0,004803073967339097;53000000,0;1,039085545722714;0,34365781710914456;0,0
3M Company;MMM;133,14;133,14;0,011041009463722398;3749000000,0;1,406527868141401;0,5195185426154847;0,0
